325ebd3f2bddf6aebc11f2c667817696,US Bank,Fidelity® Rewards Visa Signature® Card,Visa,Fidelity Points,$0.00
90690f08716d45d403c612dff10b13f7,American Express,The Platinum Card® from American Express,American Express,American Express Membership Rewards Points,$450.00
037628b53e51e6e2a1a622ae4cf2d790,American Express,Blue from American Express® Credit Card,American Express,American Express Membership Rewards Points,$0.00
8b79142e45da301496d0f4c23e05c62c,American Express,American Express® Gold Card,American Express,American Express Membership Rewards Points,$160.00
df75f364f5f9e19476823f0f3b97fa7f,American Express,Hilton HHonors™ Surpass® Card from American Express,American Express,Hilton HHonors Point,$75.00
cfa0d2c134d378f0904bd6a1c5945c5e,American Express,JetBlue Card from American Express,American Express,JetBlue TrueBlue Point,$40.00
0ed919dbeb28f1e743fc5707c99801c3,American Express,Hilton HHonors™ Card from American Express,American Express,Hilton HHonors Point,$0.00
6b4e9f2929fb17b1b165bcfd8a520e8b,Citibank,Citi® Hilton HHonors™ Visa Signature® Card,Visa,Hilton HHonors Point,$0.00
dfb2be3cc8afca17a77307929e42b9e0,American Express,Blue Cash Preferred® Card from American Express,American Express,Cash Back,$75.00
da4c54a4ef8b149ec6bc9f34d75f3081,Citibank,Citi Forward Card (Legacy),Visa,Citi ThankYou Points,$0.00
ab0af46b5d517b0e460c6706c8cf2db4,US Bank,Ace Rewards® Visa Card,Visa,Ace Rewards Points,$0.00
082259400bef317fd8b6f004e0683bcd,Discover,Discover More Card,Discover,Cash Back,$0.00
195caa71177f45524124f70c5e73b5f5,Discover,Discover More Card with Cash Back Bonus,Discover,Cash Back,$0.00
897ead9dfc0fe79f19f3d602a0afad6d,Discover,Discover® Open Road Card,Discover,Cash Back,$0.00
bc05afe30c5194519f839a7c1a78f092,Citibank,Citi® Dividend Platinum Select® Visa® Card ,Visa,Cash Back,$0.00
8fe8904869c3c5cc29532fd4c76c17ce,Capital One,MTV Visa,Visa,MTV Points,$0.00
eedcd878c4f674cf80e354b26e11643c,American Express,Starwood Preferred Guest® Credit Card from American Express,American Express,Starwood Starpoints,$95.00
83ead6427de86b9f414d519644768fff,US Bank,Sport Chalet Visa,Visa,Sport Chalet Points,$0.00
c6fa4a01e33d32e4c32532b25a0801fe,US Bank,REI Visa® Signature,Visa,Cash Back,$0.00
9da8e1f05feadacac14198d3993355e6,US Bank,Cache Visa Signature Card,Visa,"Cash Back, Caché Points",$0.00
ca5dc65ab836073caf2fb2ffbe97ac14,Discover,Discover Motiva,Discover,Cash Back,$0.00
3eb93f93a5c9daeaa24a05b3b12e76b9,American Express,Premier Rewards Gold Card from American Express,American Express,American Express Membership Rewards Points,$195.00
ff4d165b34ecd461a0bc3304bfb59ed0,US Bank,Harley-Davidson® Visa® Credit Card,Visa,Harley-Davidson® Genuine Rewards,$0.00
59a515bcd6be9c1f39a48646bf04019c,American Express,Blue Cash Everyday® Card from American Express,American Express,Cash Back,$0.00
a1b1e7e37dcf6ea4f0099267809eb9cf,American Express,TrueEarnings® Card from Costco and American Express,American Express,Cash Back,$0.00
cdecb59e4ea1f646781463bb3b58b5c0,American Express,American Express® Green Card,American Express,American Express Membership Rewards Points,$95.00
c4fb581ffe3ccb03ba12267b945c4cee,US Bank,1-2-3 REWARDS® Visa® Card,Visa,1-2-3 Rewards Points,$0.00
9341a26a847f7fa0c5e67bb4b69c95ab,US Bank,Ralphs Rewards Plus,Visa,Ralph Rewards Plus,$0.00
16b73d55b932271f5a95de3b1f0a70c1,US Bank,FlexPerks Cash Rewards Visa,Visa,Cash Back,$0.00
37f408c6e3000f8df0586fbe5aa2dc0e,Barclays,Virgin America,Visa,Virgin America Elevate Points,$0.00
c78e458547734c8d57c27c4f5bc7ee02,US Bank,U.S. Bank FlexPerks® Travel Rewards Visa Signature® card ,Visa,US Bank FlexPerks Points,$49.00
27b56383e17d6e9177f69a06170dc029,Discover,Miles by Discover Card,Discover,Miles by Discover Card Miles,$0.00
4e69fcc9bbfb16889ff9718180b46aaa,American Express,Blue Sky Preferred® Card from American Express,American Express,Blue Sky® Rewards Points,$75.00
47982364b4943c6237de7cca2e96beee,Capital One,Capital One Cash Rewards,MasterCard,Cash Back,$39.00
460ac34318c68a15dc5bb739fc4edfa8,Citibank,My Best Buy MasterCard,MasterCard,Best Buy Reward Zone Points,$0.00
ea579f182f4bb1d6f1eae48499106b7c,Citibank,Citi® / AAdvantage® Platinum Select® MasterCard®,MasterCard,American Airlines AAdvantage Miles,$95.00
c6917b11b1812d14c95acba647c890c5,American Express,Delta Reserve Credit Card from American Express,American Express,Delta SkyMiles,$450.00
e79539355504e4fefe482d09cec301c4,American Express,Platinum Delta SkyMiles® Credit Card from American Express,American Express,Delta SkyMiles,$195.00
7490ee229a50b80713fd5c387155116f,American Express,Gold Delta SkyMiles® Credit Card from American Express,American Express,Delta SkyMiles,$95.00
2d52103b25d7e62a8e9af6b8d204994e,Barclays,The US Airways® Premier World MasterCard®,MasterCard,US Airways Dividend Miles,$89.00
07e84645cd946d684fca6a60217e4647,Citibank,Citi AAdvantage American Express Card,American Express,American Airlines AAdvantage Miles,$50.00
90281ea6d62ac42d4b195926dc8f36e7,Citibank,Citi Platinum Select/AAdvantage Visa Signature Card,Visa,American Airlines AAdvantage Miles,$95.00
b9c58e0deb3fcebd78a5863447a1bf13,US Bank,AeroMexico Visa Signature® Card,Visa,AeroMexico Club Premier Mile,$80.00
05cdd92bf4636c2197776e653f0b8be5,US Bank,SKYPASS Visa® Signature Credit Card,Visa,Korean Air Skypass Miles,$80.00
28bdda2a93ce7c5a58ae49680c2be161,US Bank,LANPASS Visa Signature® Card,Visa,LANCHILE LANPASS Miles,$75.00
09b1b4f37d0653ad93d70e1ff718ad48,US Bank,LifeMiles Visa Signature® Card,Visa,TACA LifeMiles,$75.00
dd927288db7fa7826d25001d8fdc974b,Barclays,Frontier World MasterCard (No Annual Fee),MasterCard,Frontier Airlines Early Returns Miles,$0.00
39fd1f295e039725d53b4baa32cc4dd7,Chase,AirTran Airways Visa Signature (Annual Fee),Visa,Airtran Airways A+ Rewards Dollars,$69.00
0102509e1f9e2689a3309d659b1e7cf7,US Bank,AeroMexico Visa® Card,Visa,AeroMexico Club Premier Mile,$45.00
0746842664e8120b81ee58140961d76a,Capital One,Cash Rewards for Newcomers,MasterCard,Cash Back,$0.00
92bc0bf73cd2c9dc84564284a25b3d25,US Bank,Fred Meyer Rewards,Visa,Fred Meyer Rewards Points,$0.00
6ce522c72c3f8ccbac93d089ea884b52,Discover,Escape by Discover Card,Discover,Escape by Discover Card Miles,$0.00
84b79c13ca508a7d0b99ebdb3e20b96e,Citibank,AT&T Universal Savings Platinum Card,MasterCard,Cash Back,$0.00
3906bc216d7f6eb33bc84e11451992fe,Barclays,Barnes & Noble MasterCard®,MasterCard,Barnes and Noble Reward Points,$0.00
54e5d35f6fbe1f6f19a0555b2ee02c8b,Barclays,The Frontier Airlines World MasterCard®,MasterCard,Frontier Airlines Early Returns Miles,$69.00
3f7748d0662bfb78967619fd809f5a35,Chase,AirTran Airways Visa Signature,Visa,Airtran Airways A+ Rewards Dollars,$0.00
a6c0ffc266aa3fd02c6117b3d0c3b8f1,Barclays,Visa® Black Card™,Visa,Barclaycard Black Card Point,$495.00
0c9aebe744119c1a45b0a695e9c9504a,US Bank,SKYPASS Visa Classic Card,Visa,Korean Air Skypass Miles,$50.00
7f83da3287b3b076aadf3f38f4bd97a4,Citibank,Citi Gold/AAdvantage Visa Signature Card,Visa,American Airlines AAdvantage Miles,$50.00
b311228803e99e7eeb2bdb93f4777a18,Barclays,US Airways World MasterCard,MasterCard,US Airways Dividend Miles,$89.00
9d38704cc784198c35daaf1f4a623d96,US Bank,LifeMiles Visa Card,Visa,TACA LifeMiles,$45.00
e562a0567556845bcf186dc5c9087d6b,US Bank,LANPASS Visa Card,Visa,LANCHILE LANPASS Miles,$45.00
11b97f5c6eb4d600f60535323b4f6f48,US Bank,Gymboree Visa,Visa,Cash Back,$0.00
ad3fce179abff106e3c0ca74f272af84,Wells Fargo,Wells Fargo Cash Back Card,Visa,Cash Back,$0.00
e300d3a0ea5d28de178e0e5e4225432a,Wells Fargo,Wells Fargo Home Rebate Card,Visa,Cash Back,$0.00
bfa73baea187215965b439fc74abe082,American Express,Blue Sky from American Express®,American Express,Blue Sky Points,$0.00
870730a2aff09bb33aef387c0bc78586,Citibank,AT&T Universal Savings & Rewards Card,MasterCard,"Cash Back, Citi ThankYou Points",$0.00
4a35d796d3419c31c34b27553455239d,US Bank,FlexPerks Select Rewards Visa,Visa,US Bank FlexPerks Points,$0.00
04376c03f99e1a65bfa1fb1d7f9c8a2c,US Bank,SkyBlue SKYPASS Visa Card,Visa,Korean Air Skypass Miles,$0.00
c5f81a926b24c7c38c531025ca2810fb,Capital One,Capital One® Classic Platinum Credit Card,MasterCard,"",$39.00
e2d14309ca726090a91c5105e1c0d712,Citibank,Citi Secured MasterCard,MasterCard,"",$0.00
3b79eb5fd13a1a0ce276059f7f09d50c,Capital One,Capital One® Platinum Credit Card,MasterCard,"",$0.00
9b6dd404a0111935aea674124f6ca0a1,Chase,Chase Freedom®,Visa,Chase Freedom Ultimate Reward Point,$0.00
b19fd079e38e43872dac4959f0d45409,American Express,The Plum Card® from American Express,American Express,Cash Back,$250.00
39c1358d7814a17ab982e77e493d98e4,Bank of America,BankAmericard Rewards,Visa,Bank Americard Points,$0.00
f4e51e10e410bcf2145307175d604dac,Citibank,Citi® Hilton HHonors™ Reserve Card,Visa,Hilton HHonors Point,$95.00
7ae4621ddd63156b0dd3c84a5bca00cf,US Bank,U.S. Bank Cash+™ Visa Signature® Card,Visa,Cash Back,$0.00
acc857c9bc13c6ebfee41124ceff8c18,Citibank,Citi ThankYou® Preferred Card,Visa,Citi ThankYou Points,$0.00
fba05cb22e3679bdfcb03afebec13cb7,Citibank,Citi ThankYou® Premier Card,Visa,Citi ThankYou Points,$95.00
a4c077626d6e68680a5c9ce1380d8725,Citibank,Citi ThankYou® Card,Visa,Citi ThankYou Points,$0.00
cf1eefd8f9e35c90a8c5e48a70989f97,Chase,Chase Slate®,Visa,"",$0.00
bf51e60da5f1fc094c18ef49e0c227ac,Chase,Chase Sapphire Preferred® Card,Visa,Chase Ultimate Rewards Points,$95.00
a69a1e8dcf7ef0b9e8a319f1e5077ae7,Chase,Chase Sapphire® Card,Visa,Chase Ultimate Rewards Points,$0.00
39893c70324c77f919db0fe3d4d50752,Chase,Chase Sapphire® Card,MasterCard,Chase Ultimate Rewards Points,$0.00
0d9c507bb626b96de217f916715eb617,Chase,Chase Sapphire Preferred® Card,MasterCard,Chase Ultimate Rewards Points,$95.00
122610bd944631cab73b3d9290b0a69e,Chase,Southwest Airlines Rapid Rewards® Plus Card,Visa,Southwest Airlines Rapid Rewards Points,$69.00
19455f28e58828e838dad37673d39694,Chase,Southwest Airlines Rapid Rewards® Premier Credit Card,Visa,Southwest Airlines Rapid Rewards Points,$99.00
cdaf7048509c519c97525c92d05536d3,Chase,Chase Slate®,MasterCard,"",$0.00
f4980937f57fe5e08deed51de892c242,Chase,United MileagePlus® Explorer Card,Visa,United MileagePlus Miles,$95.00
b79e8eeba0698fda58340100905a4336,Chase,United MileagePlus® Club Card,Visa,United MileagePlus Miles,$450.00
4373df1134f8bbed369d8e65b7e7502d,Chase,AirTran Airways A+ Rewards,Visa,Airtran Airways A+ Rewards Dollars,$69.00
0a370e1caf5256c719cf3a03384e9992,Chase,British Airways Visa Signature® Card,Visa,British Airways Avios Points,$95.00
9079b6eb4a25d6caae14930bc4c9f501,Chase,Marriott Rewards Visa Signature Card,Visa,Marriott Rewards Points,$45.00
c0ad07f53afe4dbe36cbd1f2a503d1d0,Chase,Marriott Rewards® Premier Credit Card,Visa,Marriott Rewards Points,$85.00
0c4ff79851719c1f232bc5e4ea649170,Chase,Ink Cash® Business Credit Card,Visa,Chase Ink Ultimate Reward Point,$0.00
609ce2279540f782c5eb21c3e00a351b,Chase,Ink Classic Business Card,Visa,Chase Ultimate Rewards Points,$0.00
270618f2966d7b3f2db3013dfc48f109,Chase,Ink Plus® Business Credit Card,Visa,Chase Ultimate Rewards Points,$95.00
bcbf354fbe006b93db040ed6771f9778,Chase,Ink Bold® Business Charge Card,Visa,Chase Ultimate Rewards Points,$95.00
208b0d984cec858206c3b99e3d09c765,Chase,Disney Premier Visa® Card,Visa,Disney Dream Rewards Dollars,$49.00
0b90ddf210512893ac59a8c1aee341c4,Chase,Disney Rewards® Visa® Card,Visa,Cash Back,$0.00
aa7c29875d72c7d65f35cb863149aa60,Chase,The Ritz-Carlton Rewards® Credit Card,Visa,The Ritz-Carlton Rewards,$395.00
3e6e4f8efcd869817bfe3bfe94f1f7b6,Chase,Priority Club Select Visa,Visa,IHG Rewards Club Points,$49.00
63d073b7caf632792d6f91dcaf1e2626,Chase,The Hyatt Credit Card,Visa,Hyatt Gold Passport Points,$75.00
699391bbc7684039aa5ab1b2d978f294,Chase,Fairmont Visa Signature Credit Card,Visa,Fairmont President's Club,$95.00
8405c1ccb70b883f02c89be65e3895b0,Chase,Amtrak Guest Rewards® World MasterCard®,MasterCard,Amtrak Guest Rewards,$0.00
bc43a116284dcec5fb5b905aa9fb7693,Chase,J.P. Morgan Palladium Card,Visa,Chase Ultimate Rewards Points,$595.00
41730e4c26933c3c861c313a5351989c,Chase,Amazon.com Rewards Visa Card,Visa,Amazon.com Rewards,$0.00
ccb86cda1ee8c44509a81c2717a0724b,Chase,BP Visa with Pump Rewards,Visa,BP Cents Per Gallon Rebates,$0.00
849e60ecfd35f64043922b53f1a319c7,American Express,Mercedes-Benz Credit Card from American Express,American Express,American Express Membership Rewards Points,$95.00
b074bf089bded1362a6f9aea6231078e,American Express,Clear from American Express,American Express,Cash Back,$0.00
72ef9269011247fdfb6dd4b14d3126ae,Bank of America,BankAmericard Travel Rewards® Credit Card,Visa,BankAmericard Travel Rewards Points,$0.00
8a96364dacf14471368e46149f044a7f,Bank of America,BankAmericard® Credit Card,Visa,"",$0.00
8c55a544df846ba7beef04f1c468b6d8,Bank of America,BankAmericard Cash Rewards™ Credit Card,Visa,Cash Back,$0.00
d548a4eb312dbf9a1e12a55d9578f5c1,Bank of America,BankAmericard Privileges with Cash Rewards,Visa,Cash Back,$75.00
538a946c9eab586e09978c0aa00a82dd,Bank of America,Susan G. Komen® Credit Card,MasterCard,Cash Back,$0.00
c44c4344797b2c366f3849cf56c15ab2,Bank of America,World Wildlife Fund,Visa,Cash Back,$0.00
2459f2fa2ba28df2cb732c034ba87878,Bank of America,MLB® BankAmericard Cash Rewards™ MasterCard® Credit Card,MasterCard,Cash Back,$0.00
a92b67487406b115417229788a784fd0,Bank of America,Alaska Airlines Visa Signature® Credit Card,Visa,Alaska Airlines Mileage Plan Miles,$75.00
3da3d2a8880771fa098bf0025f71681a,Bank of America,Hawaiian Airlines Visa,Visa,Hawaiian Airlines Miles,$35.00
5e1eb654525683db46d9f584d7596a0d,Bank of America,AAA Member Rewards,Visa,AAA® Member Rewards Points,$0.00
027e76438ceda3eff0b5e8b8784eac25,Bank of America,Royal Caribbean Visa Signature,Visa,Royal Caribbean RoyalPoints,$0.00
8cd80c5ce9a17198378e53a003bb79d9,Capital One,Capital One® Venture® Rewards Credit Card,Visa,Venture Rewards Miles,$59.00
68a72c13db033355bc3053dd470799db,Capital One,Capital One® VentureOne® Rewards Credit Card,Visa,Venture Rewards Miles,$0.00
920e8ad7eb8b88e7673625ad3f0a54ee,Capital One,Orbitz Visa,Visa,Orbitz Rewards Points,$0.00
b7b075625f0c167d87443bbed643230c,Capital One,Journey® Student Rewards from Capital One®,Visa,Cash Back,$0.00
ea76bceadea5b916e0165e23eeae12ff,Wells Fargo,Wells Fargo Cash Back College Visa®,Visa,Wells Fargo Rewards Points,$0.00
5040b573f60e5cf7643086b129353aaf,Bank of America,Virgin Atlantic American Express,American Express,Virgin Atlantic Flying Club Miles,$90.00
72bb1acb34bd23cf2f2b432b5c1aba5f,Bank of America,Spirit Airlines World MasterCard,MasterCard,Spirit Airlines Miles,$59.00
944ebba3876e1aa6d61fa20ada93998b,Bank of America,Norwegian Cruise Line,MasterCard,Bank of America WorldPoints,$0.00
13ddaa6fb7920336c45602368f875d91,Bank of America,Bass Pro Shops® Outdoor Rewards℠ Signature,Visa,Cash Back,$0.00
9e506e23df32837a9b4709a32ad33aad,Bank of America,Total Rewards,Visa,Total Rewards Points,$0.00
466f896fc78a765f38172bf5d3d41bc9,Bank of America,Bank of America Accelerated Rewards,American Express,Bank of America Accelerated Rewards Points,$0.00
b60390693b18a19105acc3cecb96a0e2,Wells Fargo,Dillard's American Express,American Express,Dillard's Points,$0.00
716e2a34707a91250374790d67e950bd,Chase,Chase Freedom®,MasterCard,Chase Freedom Ultimate Reward Point,$0.00
2cd171edfe7547ac47bf6cfbf99e7185,Bank of America,Platinum Plus Worldpoints,MasterCard,Bank of America WorldPoints,$0.00
241f133b2bb8a3fc17386c2ee0feca15,Barclays,Barclaycard Rewards MasterCard®,MasterCard,Barclaycard Points,$0.00
a1a37626e30382d898af28cafdb07635,Barclays,Aer Lingus,MasterCard,Aer Lingus Miles,$0.00
81f3d051bac6839ecc784e9665741bc9,Barclays,Best Western Rewards World MasterCard,MasterCard,Best Western Points,$0.00
67fec610a7dbe1aa8746021338fb0f16,Barclays,The Carnival™ MasterCard® ,MasterCard,FunPoints,$0.00
491405f10d1fa856e3b4a04c9f92901a,Barclays,China Airlines with Annual Fee,MasterCard,China Airlines Miles,$59.00
b50bd897acc78c212ba13ca22a1a0999,Barclays,The Choice Privileges® Visa® Card,Visa,Choice Privileges Points,$0.00
8f9bd6012422f080cdd700bd417fc4fa,Barclays,Frontier Airlines BusinessCard with Double Miles,MasterCard,Frontier Airlines Early Returns Miles,$69.00
3deab33e20d63ca364fdac8ad757cfb7,Barclays,Holland America Line,Visa,Holland America Points,$0.00
ddee6a9927ab727a0e8561371dfd120d,Barclays,Icelandair,MasterCard,Icelandair Points,$39.00
4dfeade8b5423634f2c2a7d5bacd70cf,Barclays,Miles & More® World MasterCard®,MasterCard,Miles & More,$79.00
23badef43480d774d1c0f67197a461e6,Barclays,The Priceline Rewards™ Visa® Card ,Visa,Priceline Points,$0.00
7dafb910b9459757136f3fe4d5d9cc52,Barclays,Travelocity with Annual Fee,American Express,Travelocity Points,$39.00
06c27300dbafc5c4e2812e769c530321,Barclays,RCI Elite Rewards,MasterCard,RCI Points,$0.00
0d180976c1423b1a24d8358aded4dbe4,Barclays,Princess Cruises,Visa,Princess Cruise Points,$0.00
f8f8ce65e568309b5699bf7925215554,Barclays,The Wyndham Rewards® Visa Signature® Card (Annual Fee),Visa,Wyndham Points,$69.00
f0066560f5610cdd8ec20d24dda86108,Bank of America,Asiana Airlines Business,Visa,Asiana Airlines Miles,$80.00
a06b8e89572ef06e2fa7787c9e8cd7bc,Bank of America,Bank of America® Cash Rewards for Business MasterCard® Card,MasterCard,Cash Back,$0.00
37e6d66b799e12ac95417433734b871e,Bank of America,Business Charge WorldPoints Rewards,MasterCard,Bank of America WorldPoints,$0.00
9907c874edcd6cd9499d976ac4101f62,Bank of America,WorldPoints Rewards for Business MasterCard,MasterCard,Bank of America WorldPoints,$0.00
2d626da8546121148c4c71bd227bf114,Bank of America,AOPA Business,MasterCard,Bank of America WorldPoints,$0.00
33971a0e670f1c7059354523d30be959,Bank of America,Business Preferred World MasterCard®,MasterCard,Bank of America WorldPoints,$125.00
f816b344db53bbe848fb3b535cea347b,Bank of America,Hawaiian Airlines Business,Visa,Bank of America WorldPoints,$0.00
e2f651dfd3a26d201936edda90625a2e,Bank of America,IMA Business,MasterCard,Bank of America WorldPoints,$0.00
b89248d362f9da4bfa5bf39e187f1d02,Bank of America,NFIB Business,MasterCard,Bank of America WorldPoints,$0.00
ae59ce47b9f57d1fca0c3814696b6ce2,Bank of America,Platinum Plus Business,Visa,"",$0.00
c7cc545244e58f32f0b0db2acf5b5bad,Bank of America,Platinum Plus Business,MasterCard,"",$0.00
4127e8fd42434abc3d9866c9cc398ae7,Bank of America,WorldPoints® Rewards for Business™ Visa® Card,Visa,Bank of America WorldPoints,$0.00
745684f4793ee2fec047a092dabdc468,Bank of America,Bank of America® WorldPoints® Travel Rewards for Business Visa® Card,Visa,Bank of America WorldPoints,$0.00
2cd78667bef578383a8223333dd658e8,Bank of America,WorldPoints Charge,MasterCard,Bank of America WorldPoints,$0.00
4325e9e053409cbc6219cd3b1cf84a3c,SunTrust,SunTrust Business,MasterCard,SunTrust Points,$0.00
a76b2e63177e7c12ced63a2e94c475fd,SunTrust,SunTrust Cash Rewards,MasterCard,Cash Back,$0.00
06299ab90bac759bbbc26fc01f16451f,SunTrust,SunTrust Gas and Groceries,MasterCard,SunTrust Points,$0.00
d17136cceec8e9dacb9047ed78ad5a3c,SunTrust,Specialty Business ,MasterCard,Cash Back,$0.00
c82feb6a623ed194f6610fb2fd95c63b,SunTrust,SunTrust World for Business,MasterCard,Cash Back,$0.00
ddacacda86fe0fd3ca222bfa5be70868,US Bank,Ace Rewards Business,Visa,Ace Rewards Points,$0.00
4fe670fd43587161f1d732571382da27,US Bank,U.S. Bank Visa® Platinum Card,Visa,"",$0.00
95c09bd94641ce3b7c551d53e2dcc9df,US Bank,SKYPass Business,Visa,Korean Air Skypass Miles,$75.00
7cd5275c69af6f90203165ba5d94f638,US Bank,Business Cash Rewards,Visa,Cash Back,$0.00
fa0f1173c2db5f9eb11d09c95f0d6f18,US Bank,FlexPerks Business Select Visa,Visa,US Bank FlexPerks Points,$0.00
811e6109ce30698b2acdf4e437e93e4b,US Bank,FlexPerks Business Travel Rewards,Visa,US Bank FlexPerks Points,$55.00
54f5c373005a6ab113f9bd67e3032a0d,US Bank,FlexPerks Travel Rewards Visa Signature,Visa,US Bank FlexPerks Points,$49.00
a7c3de8504bdad3c0d73c6ef1555558e,Chase,Ink Cash® Business Credit Card,MasterCard,Chase Ink Ultimate Reward Point,$0.00
644c85a1fc3836b329bc7b24f51cc417,Chase,Ink Classic Business Card,MasterCard,Chase Ultimate Rewards Points,$0.00
1af9076f4816aa03c5a82e2f2cd0f572,Chase,Ink Plus® Business Credit Card,MasterCard,Chase Ultimate Rewards Points,$95.00
9263ebc8f5e417271807edc8e9aa5694,Chase,Ink Bold® Business Charge Card,MasterCard,Chase Ultimate Rewards Points,$95.00
ce7a0d32e10f6b5ca62f21a1e4de50ef,Citibank,Citi ThankYou® Preferred Card,MasterCard,Citi ThankYou Points,$0.00
567736f85d5ddf846b9cb2a9150aac09,Citibank,Citi ThankYou® Premier Card,MasterCard,Citi ThankYou Points,$95.00
fac30a5574a9f83e6cf12cdbace965da,Citibank,Citi ThankYou® Card,MasterCard,Citi ThankYou Points,$0.00
5e2032ede6247bb41dcdab9cd3f48480,Barclays,China Airlines with no Annual Fee,MasterCard,China Airlines Miles,$0.00
24cc882445519d3c4001e1a62e2869ce,Barclays,Frontier Airlines BusinessCard with no Annual Fee,MasterCard,Frontier Airlines Early Returns Miles,$0.00
791bf7c069f462f204e6c767cc63c46c,Barclays,Miles & More® Premier World MasterCard®,MasterCard,Miles & More,$79.00
7677729ab72c799e07c235f51b72f56a,Barclays,The Travelocity® Rewards American Express® Card,American Express,Travelocity Points,$0.00
2c29fa4d3bf577d949339c1cae5f736b,TD Bank,TD Easy Rewards,Visa,TD Bank Easy Rewards,$0.00
2b585643d02e894ba0da327a151a6d51,TD Bank,TD Cash Rewards Platinum,Visa,Cash Back,$0.00
4487b2a0938a54186e037633059d5996,TD Bank,TD Payment Plus,Visa,"",$0.00
a5314f76c4196985b4cb0265abb52844,Chase,Ink Business World,MasterCard,Chase Ultimate Rewards Points,$0.00
0722950699ce6effb519127a662dff81,Wells Fargo,Wells Fargo Platinum Card,Visa,"",$0.00
db2b645d6c63233abd7e81750686745e,Bank of America,Bass Pro Shops® Outdoor Rewards℠ Platinum Plus,Visa,Cash Back,$0.00
1d870c9ecb0929bf54ec8acc74cd2458,Citibank,Brooks Brother's Platinum MasterCard,MasterCard,Brooks Brothers Rewards Points,$0.00
00c68a5808095edea6a9c63430df111c,Capital One,Capital One® Platinum Prestige Credit Card,MasterCard,"",$0.00
3d1dae0cf51a7d36b1cae956660d2502,SunTrust,"SunTrust Dining, Entertainment and Travel Rewards MasterCard",MasterCard,SunTrust Points,$0.00
b71a7280fcdbcf57ebcd9089c05f5817,SunTrust,SunTrust Interest Advantage Platinum MasterCard,MasterCard,"",$0.00
0b925393d0fb82de3d0aab9a4dc3508e,Chase,GM Business Card,MasterCard,GM Earnings (towards new vehicle),$0.00
5ce259c3780fc2618542a955cf49e7c8,Capital One,GM Card from Capital One,MasterCard,GM Earnings (towards new vehicle),$0.00
26f82e3d0a5f51eac032288b7c3c90fa,Capital One,GM Flexible Earnings Card,MasterCard,GM Earnings (towards new vehicle),$0.00
7c8c5c5d1cbd2e35f96930e1bda30bbf,Capital One,GM Extended Family Card,MasterCard,GM Earnings (towards new vehicle),$0.00
bd86e5f5d4b3f104eb3f0a483bdc6eb5,Chase,United MileagePlus® Explorer Card,MasterCard,United MileagePlus Miles,$95.00
735167e66eb9a960fdb70eba51dc1189,Citibank,Citi Simplicity® Visa Card,Visa,"",$0.00
fba151ff506f0fcf982f01db44277764,Citibank,Citi® Diamond Preferred® Card,MasterCard,Citi EasyDeals Points,$0.00
3275b5ef3ecda36414563984795c91a3,Citibank,CitiBusiness® / AAdvantage® Platinum Select® World MasterCard®,MasterCard,American Airlines AAdvantage Miles,$95.00
e00e6b32ed2e6691bbeea693eace57d5,Bank of America,BankAmericard Secure Credit Card,Visa,"",$39.00
a1df74a57202490b9fe4c22286e931f5,Bank of America,BankAmericard Cash Rewards™ Credit Card for Students,Visa,Cash Back,$0.00
d15a52a89f818596f98c28c20b8b3089,Bank of America,BankAmericard Travel Rewards® Credit Card for Students,Visa,BankAmericard Travel Rewards Points,$0.00
25fd422488864c8422123b85ed97b3c3,Bank of America,BankAmericard® Credit Card for Students,Visa,"",$0.00
cf1897b98ce06297383bbb23a15cd824,Capital One,Capital One® Secured MasterCard®,MasterCard,"",$0.00
6986a6adf5b8d45ec71bee1a80e1b83a,Capital One,Capital One Cash Rewards,Visa,Cash Back,$0.00
525eae9db4e384334887fb44c6520ead,Bank of America,Asiana Airlines American Express,American Express,Asiana Airlines Miles,$99.00
ac807d8a29cd4881d5ab5adb970a92c4,Citibank,Citi® Dividend Platinum Select® MasterCard,MasterCard,Cash Back,$39.00
54821c822382cc1830911734b8119e7b,Chase,LivingSocial Rewards Card,Visa,Living Social Deal Bucks,$0.00
51ea4ed8541b16d017162edf1e6a375a,Chase,United (Continental) Airlines OnePass Plus,MasterCard,United MileagePlus Miles,$95.00
355c4ac0e6e135a85e7a1dc2560db8b6,Capital One,No Hassle Rewards,MasterCard,Capital One No Hassle Miles,$0.00
a79795f0ad59c6484d55f5c2fde6cb57,American Express,The Business Gold Rewards Card from American Express ,American Express,"Cash Back, American Express Membership Rewards Points",$175.00
4671fa2ae79384350cbcab4bcb5aee49,Capital One,No Hassle Rewards World MasterCard,MasterCard,Capital One No Hassle Miles,$0.00
b717978905b8c0be719c8edd2957b648,Bank of America,Platinum Plus,Visa,Bank of America WorldPoints,$0.00
219eda1b29963a28979a42d989cc3552,American Express,Zync from American Express,American Express,American Express Membership Rewards Express Points,$0.00
96175f2ef8ef735fbb37bd53b9164a2e,Barclays,Harvard Alumni Association MasterCard,MasterCard,Harvard Alumni Association Points,$0.00
5990e6a5994329dd6bc4ccd1f7c42aae,Barclays,US Airways Dividend Miles Platinum,MasterCard,US Airways Dividend Miles,$49.00
a4de8e8bebdbd0d5e93c124546a53173,Chase,United MileagePlus Explorer Business,Visa,United MileagePlus Miles,$95.00
ddb03b5968e5a39ab4c907f2fd229e16,Chase,United MileagePlus Business Club Card,Visa,United MileagePlus Miles,$450.00
59b58cc081d1ce3fdd9c616103edd427,Chase,TravelPlus,Visa,Chase TravelPlus Miles,$0.00
bd1842b699b6c70ef53a2bb560ddb738,Citibank,Dividend World Elite,MasterCard,Cash Back,$0.00
60bbe9cd0cae0cae8a76f8b45ea743d3,American Express,The Business Platinum Card® from American Express,American Express,American Express Membership Rewards Points,$450.00
9dfcbbb4ddf851c72b59caf9d688e103,American Express,Business Card from American Express,American Express,American Express Membership Rewards Points,$0.00
aa325d0254f1bc50e84a101f56b81305,Citibank,Shell Platinum MasterCard,MasterCard,Cash Back,$0.00
6262b057016bf7128d6a045f41334264,Capital One,Platinum No Hassle Rewards,MasterCard,Capital One No Hassle Miles,$0.00
b9dd3948213bc0be97313dc61d80071d,Capital One,Platinum No Hassle Rewards,Visa,Capital One No Hassle Miles,$0.00
b59624858f049ec470ded16320f820fd,Chase,United MileagePlus Select Card,Visa,United MileagePlus Miles,$95.00
b8e303e1fd5d6989de9fd82e23f81475,Chase,United PresidentialPlus,MasterCard,United MileagePlus Miles,$0.00
32a24122fe02b17b0175102d1f54c9fe,Barclays,Ameriprise MasterCard®,MasterCard,Ameriprise Rewards Points,$0.00
5a812c2dec402f47c1090a60ad74da5a,Barclays,Ameriprise World MasterCard®,MasterCard,Ameriprise Rewards Points,$0.00
b4f6a9c8afc85d5993ddee66759daf3e,Citibank,Citi® Dividend American Express®,American Express,Cash Back,$0.00
ab977c4be7be41e309b2374459be4d01,Chase,United MileagePlus Awards Visa Signature,Visa,United MileagePlus Miles,$95.00
2fe390ec4101ee8c7a01718badae9711,US Bank,Young Adult Visa Card,Visa,"",$0.00
0cb39fcb1aa4752552c3fc9ca56208d1,Capital One,Capital One Classic Platinum,Visa,"",$39.00
d9f51177be551e41ee361e528a8ee6e6,Capital One,Capital One Standard Platinum,Visa,"",$19.00
3d790728e2c23b17da23a2c21c0c332b,Capital One,Capital One® Platinum Prestige Credit Card,Visa,"",$0.00
98b2a9ced3ba5ec8aa1c43ae01d98e6b,Citibank,Citi CashReturns MasterCard,MasterCard,Cash Back,$0.00
5013e4a65b310e016d42c61e23e2037c,Citibank,Citi® Bronze® / AAdvantage® World MasterCard®,MasterCard,American Airlines AAdvantage Miles,$0.00
6d602fcc4d25c0e371cd8788cf54c0fe,Bank of America,MERRILL+® Visa Signature,Visa,Merrill Points®,$295.00
7089beec56608b1ffa49443d88636b98,Capital One,Capital One® Venture® Rewards Credit Card,MasterCard,Venture Rewards Miles,$59.00
ffe9f80bf842fe7cf94c19ecc0c7af21,SunTrust,Delta SkyMiles MasterCard,MasterCard,Delta SkyMiles,$75.00
d5d879f9eed5a88c006c3ee983d4cd55,Citibank,Citi Executive® / AAdvantage® World Elite™ MasterCard®,MasterCard,American Airlines AAdvantage Miles,$450.00
721f28aca9be83dbcf8c381398860b1d,American Express,TrueEarnings Business Card from Costco and American Express,American Express,Cash Back,$0.00
7a479e7967d4770fbc92996ce2c9576d,American Express,Platinum Cash Rebate Card,American Express,Cash Back,$0.00
8e017063d3d6bb0e28c8de889504c618,Citibank,Citi CashReturns Visa,Visa,Cash Back,$0.00
0486379569f9beca2b1f27f302866ed5,Bank of America,US Airways Platinum Visa,Visa,US Airways Dividend Miles,$0.00
8344a21d7baffbcbf9119ad501aa15f3,Chase,United MileagePlus Club Card,MasterCard,United MileagePlus Miles,$450.00
b11763ea0524acd81b36f0ca7d0ebf96,Citibank,Sears MasterCard,MasterCard,"",$0.00
f139ad0f942e8f110e5ce16095596594,Citibank,Citi CashReturns World,MasterCard,Cash Back,$0.00
efebab85c7a130bd2cd3e9c4ab976776,Citibank,Citi Professional Cash Card,MasterCard,Cash Back,$0.00
ec389a6204fd36a1e9b47b8148ce11b3,Bank of America,Motley Fool Platinum Plus,Visa,Cash Back,$0.00
f92e8d4b1dd3ce4db54faf6323af3a86,Discover,Discover it®,Discover,Cash Back,$0.00
0ba19f0205a9eb744478cfeee8a71ad4,Discover,Discover More Student Card,Discover,Cash Back,$0.00
8d8fe1e1307113583b4f7b442980e68a,Chase,Southwest Airlines Rapid Rewards® Plus Business Card,Visa,Southwest Airlines Rapid Rewards Points,$69.00
b4d7dddb8795adce965afd888fc3354d,American Express,Centurion® Card from American Express,American Express,American Express Membership Rewards Points,$2500.00
08ce4c5e19d6d20acfa7106114413f7d,Bank of America,WorldPoints Platinum Plus,Visa,Bank of America WorldPoints,$0.00
d4d36b0d23a320268d5bb5a2b278ab14,Chase,Southwest Airlines Rapid Rewards® Premier Business Credit Card,Visa,Southwest Airlines Rapid Rewards Points,$99.00
53670ce5ee773c40b942f18bd7e986c5,Citibank,Citi Platinum Select Visa,Visa,"",$0.00
38a6ebd3f75efc5c0a1f4449002e4b31,Citibank,Citi Platinum Select MasterCard,MasterCard,"",$0.00
2801c815cbc8ef7d1f9b6455f59030bf,Citibank,Citi Prestige® Card,MasterCard,Citi ThankYou Points,$450.00
5991b8fb7cde1d6655441705dab236fb,Citibank,Citi Simplicity® Card,MasterCard,"",$0.00
1e5824d9beceb13eb8306fc4031f92e9,Citibank,CitiBusiness ThankYou® Card,Visa,Citi ThankYou Points,$0.00
1e3caf34be3d93293a46b3ba7523eeb3,Citibank,CitiBusiness ThankYou® Card,MasterCard,Citi ThankYou Points,$0.00
dd6093fc1bf5dcbef8b9072332668c19,Citibank,Citi Professional Card,MasterCard,Citi ThankYou Points,$0.00
ff48c5a15be4b38d62c9cf35c188cb7e,Diners Club,Diners Club International,MasterCard,Diners Club Rewards,$0.00
28dff440e429c1b5a6fe843dbc613990,Barclays,US Airways World / World Elite,MasterCard,US Airways Dividend Miles,$0.00
c4eeb20be16358c0629b34d3086f3fbe,Barclays,US Airways Business Miles,MasterCard,US Airways Dividend Miles,$79.00
ffe65ab0335ee71e2b2b23e31d2b53a0,American Express,American Express® Rewards Plus Gold Card,American Express,American Express Membership Rewards Points,$150.00
d626d99e38b43542cd5df9ac4b9697a1,Barclays,Upromise World MasterCard®,MasterCard,Cash Back,$0.00
d05839183af5105ae9eaf1ba0b0e588c,SunTrust,SunTrust Platinum Rewards,MasterCard,SunTrust Points,$0.00
d40678db7250ef8bd780ff1e40df5c71,American Express,Delta SkyMiles® Credit Card from American Express,American Express,Delta SkyMiles,$55.00
5d1f1b6dd21c84d7302f1908b0a70d24,American Express,Gold Delta SkyMiles® Business Credit Card from American Express,American Express,Delta SkyMiles,$95.00
e28d2ad9ce1d755d75cb3ec89872b604,American Express,Platinum Delta SkyMiles® Business Credit Card,American Express,Delta SkyMiles,$195.00
e14e2000f6ab05314c7c9e039bbb3a0d,Barclays,Barclays AirTran A+ Rewards,Visa,Airtran Airways A+ Rewards Dollars,$0.00
261e7aff7d9ccfa05c1189fada61ae61,Citibank,Citi Chairman® American Express® Card,American Express,Citi ThankYou Points,$500.00
11142dd2e4ad1524413280d6cbb69f23,Wells Fargo,Wells Fargo Business Platinum Card (Cashback),Visa,Cash Back,$50.00
450382ba0c4661559ef49e69f7e70919,Wells Fargo,Wells Fargo Platinum MasterCard,MasterCard,"",$0.00
8ccdf59385afd4816cf16f65be12ab7d,Wells Fargo,Wells Fargo Advisors By Invitation® Visa Signature®,Visa,Wells Fargo Rewards Points,$350.00
d6b5dfa47ed6f7fdd63dd20c48de88ae,Wells Fargo,Wells Fargo Advisors Premium Rewards Visa Signature,Visa,Wells Fargo Rewards Points,$0.00
703ab5c17ca8b55a6a8ca1a672c7ded1,Bank of America,Merrill Rewards for Business™ Visa Signature® Card,Visa,Merrill Lynch Beyond Rewards®,$0.00
9490732cc80c2e2ee4600cb521cb7cf1,Bank of America,Total Merrill® Cash Back Visa Signature,Visa,Cash Back,$0.00
a48ebbc6aefeb5a7a5487af34240b05f,Bank of America,Merrill Accolades® American Express® Card,American Express,Bank of America WorldPoints,$295.00
19fd7c8ee8ca6bdd3374f51b7b257443,American Express,SimplyCash® Business Card from American Express,American Express,Cash Back,$0.00
91d5ec7cd5b4bf71bd9945727ae6ff30,Capital One,Capital One® Spark® Select for Business,Visa,Capital One No Hassle Miles,$0.00
928967a1bdd12456350b34aa7c1ca6d7,Capital One,Capital One® Spark® Cash Select for Business,Visa,Cash Back,$0.00
f2ceb3a5a4aeb18da3484b0c46e3cf3f,Capital One,Capital One® Spark® Miles Select for Business,Visa,Capital One No Hassle Miles,$0.00
600a36cebb12116e229605e3664839f8,Capital One,Capital One® Spark® Classic for Business,Visa,Cash Back,$0.00
921f0872c55ad8c903f0eb8f0878ae62,Capital One,Capital One® Spark® Cash for Business,Visa,Cash Back,$59.00
0e17966ac003aecf147c5298d36d161f,Capital One,Capital One® Spark® Miles for Business,Visa,Capital One No Hassle Miles,$59.00
28e56f98b0272f4439eadbe0f9bba3b7,Bank of America,American Academy of Pediatrics Business Card with WorldPoints Rewards,MasterCard,Bank of America WorldPoints,$0.00
ec96a921ea4aad0e059686aaefee9b5d,Capital One,Business Platinum,Visa,"",$0.00
63c1ab0626b276a14336a345b1ee9e87,Capital One,Playstation® Card from Capital One® ,Visa,Sony Rewards Points,$0.00
00b293da732f40e0c5335fd922891807,American Express,One from American Express,American Express,Cash Back,$0.00
5170370f860d06ef8ff604a33441a3e6,Barclays,iTunes Rewards Card,Visa,iTunes Points,$0.00
02775adebc3755ace911a468f34e8cba,Barclays,Apple Financing Visa,Visa,"",$0.00
fd2e43339322460fdac7e5ba40e0397b,Bank of America,BankAmericard Cash Rewards™,MasterCard,Cash Back,$0.00
d8f1d174b9d1b716b98ba16bc251e761,American Express,Optima,American Express,American Express Membership Rewards Points,$0.00
e8edf6836c40802d4c8bdd3b116948ea,American Express,Optima Platinum,American Express,American Express Membership Rewards Points,$0.00
6838e067cb7a8e6ad56232dd76bb2ccf,American Express,Platinum Business Freedom Pass Credit Card,American Express,American Express Freedom Pass Points,$0.00
875f6d47a57d8db69fb252d9739738a7,American Express,Blue Cash® from American Express,American Express,Cash Back,$0.00
9ca3fde976b8176ae24c056b320f5a4b,American Express,American Express Blue for Students,American Express,"American Express Membership Rewards Points, American Express Membership Rewards Express Points",$0.00
3a8d10de489d1ebead970bee200027b4,American Express,American Express Costco Cash Rebate Card,American Express,Cash Back,$95.00
e603a8382c3a7ffbe2ad9cf8250ce4c4,Bank of America,UNC General Alumni Association BankAmericard,Visa,Cash Back,$0.00
949cd410e6870fcc2667675507b332a1,Barclays,BJ's Visa Card,Visa,Cash Back,$0.00
deea324d772539b8bf882a1834ee5163,Bank of America,Platinum Plus for Business,MasterCard,Bank of America WorldPoints,$0.00
eb3506c86b57592e8ecd032b966cb367,Barclays,Sallie Mae Visa,Visa,Cash Back,$0.00
fddaa5929ae523d47fb358383147cb70,Capital One,No Hassle Cash,MasterCard,Cash Back,$0.00
a03ad05b8bab2340c151b60caee558d0,Barclays,Williams-Sonoma Visa® Signature Card,Visa,Williams-Sonoma Points,$0.00
198303539b9a3420a7523c8d67510c4d,Citibank,CitiBusiness / AAdvantage Visa,Visa,American Airlines AAdvantage Miles,$0.00
e2e0dfac8b1c1a733cf5abf6178fafd7,Capital One,Double No Hassles Miles Visa Signature,Visa,Capital One No Hassle Miles,$0.00
588ca7af24e57bba44906997b5da6fe9,Chase,Chase MasterCard,MasterCard,"",$0.00
49beece7d2e5e6910d52e0e83f470560,Bank of America,AAA Platinum Plus Gas Rebate,Visa,Cash Back,$0.00
cc9ed8817edf103ab1069e46da24c600,Citibank,Sears Platinum MasterCard,MasterCard,Cash Back,$0.00
a3ce074fcb5f1539665d5ecdc2ea071b,Citibank,Citi Bronze AAdvantage Visa,Visa,American Airlines AAdvantage Miles,$0.00
527126ce1793043796dec01e7fe83e5e,Chase,Flexible Rewards,Visa,Chase Flexible Rewards,$0.00
a8f8f9af2b8a39c842c48949da4558b6,Citibank,Citi® / AAdvantage® Gold MasterCard®,MasterCard,American Airlines AAdvantage Miles,$50.00
eefe5bdf36551e9e017b5b0565d6986f,Chase,United PresidentialPlus Business,MasterCard,United MileagePlus Miles,$0.00
5218aca6f16c1507e0d22a35c8f14a1f,Bank of America,World MasterCard with Worldpoints,MasterCard,Bank of America WorldPoints,$0.00
594f7423979bd7c42e8eb2d7dbf78c68,US Bank,Club Carlson℠ Premier Rewards Visa Signature® Card,Visa,Club Carlson Hotel Reward Program,$75.00
9b12aec6b0dddde166c6c0596c2a28c3,Barclays,The L.L.Bean Visa Card,Visa,Cash Back,$0.00
d42a69aa08fc0bb33e86223a3a1babac,Barclays,Travelocity from American Express (Legacy Card),American Express,Travelocity Points,$0.00
d79e34d3c3ad12954967bde7f47b76b0,Bank of America,BankAmericard Privileges with Travel Rewards,Visa,BankAmericard Travel Rewards Points,$75.00
98aac39ab6f30ed92bdc4884f96f7a1b,Citibank,Citi Dividend World MasterCard,MasterCard,Cash Back,$0.00
336bc0e4aa8273a82e3b337e3170a3ca,Chase,Military Star Rewards Mastercard,MasterCard,Cash Back,$0.00
02b8c3c3848a9345fc24ad643c0249e8,Chase,Zappos.com Rewards Visa,Visa,Zappos Points,$0.00
418b822bc3dde5a65a9dfc9db21a0fc8,US Bank,VistaPrint Visa Card,Visa,VistaPrint Points,$0.00
19eed779389025b8f91101921630d3c9,Bank of America,Accelerated Cash Rewards™,American Express,Cash Back,$0.00
0e82f514763d2084937f13d68ac8b544,American Express,Cash Rebate Card,American Express,Cash Back,$0.00
524b425c33a2629d2d49dad4d3dc6238,Citibank,Citi Forward for Students (Legacy),Visa,Citi ThankYou Points,$0.00
9b796983fb00a308a4e099f413347497,US Bank,Harley-Davidson Visa Secured Card,Visa,Harley-Davidson® Genuine Rewards,$0.00
6d995007f67330a1fcaa2704882be5ca,US Bank,US Bank College Visa,Visa,"",$0.00
c6d814ed91ffe64eb1f351f51d1f9410,US Bank,Secured Visa ,Visa,"",$35.00
4da6f89af034f70967af38b8e74b02bc,US Bank,Platinum Card,Visa,"",$0.00
7c19add5b5d2fd7e3b8f150fe79fb7c4,US Bank,Club Carlson Rewards Visa Signature® Card,Visa,Club Carlson Hotel Reward Program,$50.00
e8c819948335cd325f848a91e8067654,US Bank,Club Carlson Business Rewards,Visa,Club Carlson Hotel Reward Program,$60.00
cb9310dc652566e03ef9fde649a0a47f,American Express,Lowe's Business Rewards Card,American Express,Lowe's Rewards points,$0.00
a944002c1c349397913da601d98578b9,American Express,The Blue for Business® Credit Card from American Express,American Express,American Express Membership Rewards Points,$0.00
ef0d666cfbd2410df9d162c3b1873eb1,American Express,Starwood Preferred Guest® Business Credit Card from American Express,American Express,Starwood Starpoints,$95.00
814b69495b4394305a066e48d3414653,Bank of America,BankAmericard® Power Rewards® Credit Card,Visa,BankAmericard Power Rewards,$0.00
5be1b221d224cb8c2469f98b60279ae9,Capital One,No Hassle Rewards World MasterCard,MasterCard,Capital One No Hassle Miles,$0.00
af791865f79aa5b091333486915cd202,Citibank,Citi AAdvantage Select American Express,American Express,American Airlines AAdvantage Miles,$0.00
c237c1a4bc71c9aa982ce8625cb0082d,Barclays,Sallie Mae MasterCard®,MasterCard,Cash Back,$0.00
a0a416f4c5742dbc6a3d15d6aaa77d2b,Barclays,NFL Extra Points Credit Card,Visa,NFL ExtraPoints,$0.00
7552c239a96f3b11e96b2d892a491ef2,Barclays,NFL Extra Points MasterCard,MasterCard,NFL ExtraPoints,$0.00
9530bff80b22ed2ae0fed0af78fdb7c9,Bank of America,Cash Rewards Visa for The Humane Society of the United States,Visa,Cash Back,$0.00
b94c617180e5f5b1a0a741a87f45b69b,Bank of America,BankAmericard Cash Rewards for the Human Rights Campaign,Visa,Cash Back,$0.00
266b3b868a67f6e80dedf05448f0004b,Chase,AARP® Credit Card from Chase,Visa,Cash Back,$0.00
b8963a89b6d335e51d730c58cd51a346,Bank of America,CAA Bank of America WorldPoints American Express,American Express,Bank of America WorldPoints,$0.00
b755ecccffe0f6739abd18f71b673f76,Chase,United (Contintenal) OnePass,Visa,United MileagePlus Miles,$0.00
2516f6c1afe4d9288720b28e30ccdc45,Bank of America,Business Cash Rewards,Visa,Cash Back,$0.00
71f5ad2ca4634e64ac2f0a5cd379a580,US Bank,Bed Bath & Beyond,MasterCard,Bed Bath & Beyond Points,$0.00
3c9adc0622e2a3c8488c62d08a254ac8,American Express,American Express® Corporate Green Card,American Express,American Express Membership Rewards Points,$95.00
f2f032bda27bfff4a6853dc608690538,American Express,American Express® Corporate Gold Card,American Express,American Express Membership Rewards Points,$0.00
60c3cb8ee0aa8c8c2deabef50f89a0e2,American Express,American Express® Corporate Platinum Card®,American Express,American Express Membership Rewards Points,$0.00
312cbc3e3daccc17a36d27f07847f9d1,Citibank,AT&T Universal Business Rewards Card,MasterCard,Citi ThankYou Points,$0.00
c9236a90381061e0f02a3e2008cec47c,Chase,Subaru Rewards,MasterCard,Cash Back,$0.00
d1ad983fb4a5643979d26b5abedc40b8,Citibank,Citi ThankYou® Premier Card,American Express,Citi ThankYou Points,$95.00
3a207844ba727110bfbd3910972e9af3,Barclays,Bluegreen Encore Rewards,MasterCard,BlueGreen Encore Rewards Dividends,$0.00
2515d312aa739e89cedb11593f9d9c9a,Capital One,Sony Card from Capital One®,Visa,Sony Rewards Points,$0.00
cf611879f5a5af0fff8994808264b618,Discover,Discover Business,Discover,Cash Back,$0.00
ed3e2b6fa9b1005f0db8a60454ca60c5,American Express,Morgan Stanley Credit Card from American Express,American Express,American Express Membership Rewards Points,$0.00
887c02bc064c8ed612e53134cc7b2050,American Express,Platinum Card® from American Express Exclusively for Morgan Stanley,American Express,American Express Membership Rewards Points,$450.00
4ac950aff9468a87f84e3438ad546dea,US Bank,HAS Advantage Visa,Visa,HAS Advantage Points,$0.00
1f7f237b67166113c40f456c49a2ab1c,Wells Fargo,Business Elite Card,Visa,Wells Fargo Business Card Rewards,$0.00
c667e19f8c6f68f45fc05f40a6cf35e1,Wells Fargo,Wells Fargo Business Platinum Card (Points),Visa,Wells Fargo Business Card Rewards,$0.00
ed143ecb7ec2b504e937cb1b788681e4,Citibank,Citi® Dividend® Card for College Students,Visa,Cash Back,$0.00
c17a3c79e8f1d1f6dec59ad20ab54a77,American Express,Business Membership Rewards,American Express,American Express Membership Rewards Points,$0.00
36464cbcf75c1b6e52b3d3223046e046,American Express,Delta Reserve for Business from American Express,American Express,Delta SkyMiles,$450.00
ed02770c002e62c23e67b79d80864d3e,American Express,Business Green Rewards Card from American Express ,American Express,American Express Membership Rewards Points,$0.00
aa89e858247ffde4e7653e1934d211c7,Wells Fargo,Wells Fargo Secured,Visa,"",$25.00
7f181ac66a9b0fd8c7dc19ad3e221074,Citibank,Citi ThankYou® Preferred Card,American Express,Citi ThankYou Points,$0.00
4a80088315bb94a78b3cd618b7c032f9,Bank of America,Cash Rewards Platinum Plus,MasterCard,Cash Back,$0.00
17fcd9884effa66c1e7b663eaec0a960,Chase,Chase +1 Student Card,MasterCard,"",$0.00
8bf6d9a04ed04eb529e8e66b2e4ec358,Chase,Quicken Rewards Visa,Visa,Quicken Rewards Points,$0.00
c25f3a0d948371a873b01a65c162e1ec,Bank of America,BankAmericard® Better Balance Rewards™ Credit Card   ,MasterCard,"",$0.00
5f984e5416b5bcdb30de042c917e81d9,Barclays,Barclaycard Arrival™ World MasterCard®,MasterCard,Barclay Card Arrival Points,$0.00
e0608ea0665454594b81aecc7cf8ea4d,Barclays,Barclaycard Arrival Plus™ World Elite MasterCard®,MasterCard,"Cash Back, Barclay Card Arrival Points",$89.00
9b8505719f0c72be578e59042dc04097,Chase,Speedway Platinum,MasterCard,Speedway Speedy Rewards Points,$0.00
017f3d59dc09eea42ef6c84a9725aef5,Chase,Marriott Business,Visa,Marriott Rewards Points,$0.00
82ac4a7f90d199e3e9d04a0bfadd9dca,Citibank,Driver's Edge,MasterCard,Cash Back,$0.00
305f4f2869f371495d53be5bf1c3493a,American Express,Optima Oasis,American Express,"",$0.00
7e7908c63b4efe98608812fae4bb83b9,Bank of America,Amway,Visa,Amway Visa Points,$0.00
6b2308448027f9b33399fd204724a77a,Citibank,Citi Choice Credit Card,Visa,Cash Back,$0.00
746020f50750e45ba0c343b0aed8400b,Bank of America,Giants BankAmericard,MasterCard,Cash Back,$0.00
6cefc38d6738a0f04188947bd8893281,Bank of America,NEA Cash Rewards,MasterCard,Cash Back,$0.00
570c6a5b2481e7959e0fa1b1e605801e,Bank of America,NEA WorldPoints Rewards,MasterCard,Bank of America WorldPoints,$0.00
d67684d89815e47d371d31aec47be672,Bank of America,NEA Accelerated Rewards,American Express,Bank of America WorldPoints,$0.00
7d19db6164c668a8bb013f422094dd63,Bank of America,NEA Rewards,American Express,Bank of America WorldPoints,$0.00
bba943d14bdae4ba8fb1abe4e0908271,Bank of America,NEA RateSmart,MasterCard,"",$0.00
2274949358f6374644e161ae67f4ca77,Bank of America,Alpha Chi Platinum Plus,MasterCard,Bank of America WorldPoints,$0.00
c83e9098e1d24373d138069d1d507050,Bank of America,BankAmericard® Better Balance Rewards™ Credit Card   ,Visa,"",$0.00
8036f002ac64da0a4d6909a77b3003b6,Bank of America,Platinum Plus WorldPoints,American Express,Bank of America WorldPoints,$0.00
e580c0e1df32c13264631e65a10df3aa,Citibank,AT&T Universal Savings & Reward,Visa,"Cash Back, Citi ThankYou Points",$0.00
79dd582e32bfcc1b9e792655d4760fc5,Bank of America,RCI,MasterCard,RCI Points,$0.00
ceca0cf27828679165cbd2f04d8198f9,Bank of America,MLB ExtraBases,MasterCard,MLB ExtraBases Points,$0.00
16e4a740f53e4fd41ef9d8cf94b3b242,Chase,Flexible Rewards,MasterCard,Chase Flexible Rewards,$0.00
01b72dcbfb4c1e791fb2a2056d3abb2b,Bank of America,Star Wars,MasterCard,Bank of America WorldPoints,$0.00
2d9ac3b0de6d99aac0d75d3e54a0e709,Bank of America,Star Wars,Visa,Bank of America WorldPoints,$0.00
d70b68e4eaf54fc0d6e3b44f434905ef,US Bank,Linux Fund Platinum,Visa,"",$0.00
a7864b56c1cabd2f64ff831f47f509ca,US Bank,Linux Fund Signature,Visa,US Bank Signature Points,$0.00
4714dc07993002331ed4b45ebde364ee,Citibank,Sunoco Rewards,MasterCard,Citi ThankYou Points,$0.00
233e35bf05460c48495050ca018f793a,US Bank,Linux Fund Select Rewards Platinum,Visa,US Bank Select Rewards Points,$0.00
35a65fa30b1dd6957f151af6a97be893,US Bank,Linux Fund Cash Rewards Platinum,Visa,Cash Back,$0.00
04a0e9a01a5b1b71587168c8e88b0cfa,US Bank,BSD Fund Platinum,Visa,"",$0.00
48deb99cdb91c58b00877bfd7ce7b955,US Bank,BSD Fund Signature,Visa,US Bank Signature Points,$0.00
c3b5a10b2da45526d96d6006e47ea997,US Bank,BSD Fund Select Rewards Platinum,Visa,US Bank Select Rewards Points,$0.00
27f89c15ef42e5b035237e7b6e944b39,US Bank,BSD Fund Cash Rewards Platinum,Visa,Cash Back,$0.00
2a63c39c592c1ec9cbbe9f9dfa42d606,Capital One,Professional,MasterCard,Cash Back,$0.00
139dc64909dddb66dc360877a9350104,American Express,Corporate Card (No rewards),American Express,"",$0.00
0da71ff9333eb06646f48242c3abda63,Chase,United MileagePlus Visa Signature,Visa,United MileagePlus Miles,$140.00
1cd3de6518c0f7b0efbcd5c7ed88598c,Chase,American Kennel Club Card,Visa,Chase Ultimate Rewards Points,$0.00
d9d9fd34e176e16d7bd5ac98601d2017,Bank of America,Cash Rewards Platinum Plus,Visa,Cash Back,$0.00
5a932b798cd032966a2c06487b0a545b,Bank of America,WorldPoints Rewards,Visa,Bank of America WorldPoints,$0.00
bfc0ad41e29ba91e226aaf464f07ad88,American Express,Executive Corporate,American Express,American Express Membership Rewards Points,$0.00
a3555809f539a37bb59b291313599e16,American Express,American Express® Corporate Meeting Card,American Express,"",$15.00
eff62f458236ddabb7c537ed90c93179,American Express,American Express® Corporate Purchasing Card,American Express,"",$0.00
d6da97e087f990743f5c5f98c2ae3be2,Citibank,Citi Expedia PremierPass,MasterCard,Citi ThankYou Points,$0.00
ba8cfb11d646eb7407503c1e4485dfd8,Citibank,Citi Expedia PremierPass Elite,MasterCard,Citi ThankYou Points,$0.00
dd4305bb3f6f786d884be1cdaa9fb8ce,American Express,American Express® Business Extra Corporate Card,American Express,Cash Back,$0.00
8ad1a3c8e1bc086f8976a7ed3edd9bab,American Express,Business ExtrAA Corporate Platinum,American Express,Business ExtrAA Points,$395.00
5747db329f9bf077094e4fce2121cb73,Bank of America,Elite Rewards,MasterCard,Elite Rewards,$0.00
b0de5b61d4424c641b624a62ae384156,Bank of America,Working Assets,Visa,"",$0.00
c55dbd9e080b14447f3e592dc7141de1,Chase,Hess Platinum Visa,Visa,Cash Back,$0.00
a428ef60ba9ad02f5a2f0a939c63a892,Chase,United MileagePlus Business,Visa,United MileagePlus Miles,$0.00
fb383fc8a748c986accdd987f2e0707a,Chase,Chase USAF Club Rewards Card,MasterCard,Cash Back,$0.00
64efe43f3dc5be52ce21cda2c34e0d66,Bank of America,Interval International Visa Signature ,Visa,Bank of America WorldPoints,$0.00
1ab32aafdbb1f6f8963cb6fa9858d619,Citibank,AT&T Universal World Elite Rewards Card,MasterCard,Citi ThankYou Points,$0.00
4c1d6191cf2358461377467551206201,Chase,AARP® Visa Signature Credit Card from Chase,Visa,Cash Back,$0.00
c9d6a4aae2a2a76fc35ad80fca065ae7,Chase,BP Visa,Visa,Cash Back,$0.00
6277a38d8297cdce828321c15702e81c,Bank of America,World MasterCard with WorldPoints and Paypass,MasterCard,Bank of America WorldPoints,$0.00
6eba6d57cb3aebc613d80336e90c24fe,Capital One,Professional,Visa,"",$0.00
62a38bfcf25e39031d7f2821f88519da,American Express,Mercedes Benz Platinum Card® from American Express,American Express,"American Express Membership Rewards Points, Mercedes-Benz Credit Card from American Express Points",$475.00
1a97dd0c68dbcffb60dbe5d7caf35e95,Chase,Ink Business 3% Cash,MasterCard,Cash Back,$0.00
f1626b0529f20c6f8ddc5ca8c623f0a3,Capital One,Capital One® Quicksilver® Cash Rewards Credit Card,Visa,Cash Back,$0.00
c4ba3aba908b94b5740a2f9bcdbb28da,Capital One,Capital One® QuicksilverOne® Cash Rewards Credit Card,MasterCard,Cash Back,$39.00
73e61bf3f712b7d7077e0c4698374af0,US Bank,American Humane Visa Signature,Visa,American Humane Rewards Points,$0.00
3e401a4773329cc28860accf2cd6b82b,US Bank,American Humane Select Rewards,Visa,American Humane Rewards Points,$0.00
6fb8ae92fe80ae89d3b69a94e8925261,US Bank,American Humane Cash Rewards,Visa,Cash Back,$0.00
f34ed7352fca5e5183e55956d63cceb5,US Bank,American Humane Platinum,Visa,"",$0.00
2d8f250a5e1621e7f032498871a3e152,US Bank,American Humane Business Rewards,Visa,American Humane Rewards Points,$0.00
6495fee906997df6fbc78b64fdfed5fe,Bank of America,Stanford Alumni Association BankAmericard,Visa,Cash Back,$0.00
4930c9e0fe4548032477626e397f730e,Bank of America,Angels BankAmericard,MasterCard,Cash Back,$0.00
a684c6900cc29ea041d3397fb75f76da,Bank of America,Astros BankAmericard,MasterCard,Cash Back,$0.00
22462aaa2fbeeb9d2e3e3f6ea3666144,Bank of America,Athletics BankAmericard,MasterCard,Cash Back,$0.00
402d82d0b50c4986122ce2fe38d871b6,Bank of America,Blue Jays BankAmericard,MasterCard,Cash Back,$0.00
a002b08a8b493af6e9178324f86a53a3,Bank of America,Braves BankAmericard,MasterCard,Cash Back,$0.00
e87b100406c2712330ad2f7c256282c7,Bank of America,Brewers BankAmericard,MasterCard,Cash Back,$0.00
2596468815666d289a9c20282e8f8c93,Bank of America,Cardinals BankAmericard,MasterCard,Cash Back,$0.00
6142570468b4ed21f8c5af6c373780b5,Bank of America,Cubs BankAmericard,MasterCard,Cash Back,$0.00
6a17a798732ab57296c7c5897abc3c99,Bank of America,Diamond Backs® BankAmericard Cash Rewards™ MasterCard®,MasterCard,Cash Back,$0.00
59b4920b71c727a65854b4f6f2a11a2e,Bank of America,Dodgers BankAmericard,MasterCard,Cash Back,$0.00
d0b278ba7a1c692cb980dd5094cf5a35,Bank of America,Indians BankAmericard,MasterCard,Cash Back,$0.00
56ac612be44e51d3edf59d33f52a7b00,Bank of America,Mariners BankAmericard,MasterCard,Cash Back,$0.00
ffbb2731093d6d00fddb218daace3315,Bank of America,Marlins BankAmericard,MasterCard,Cash Back,$0.00
6be65742c9b857af5b568602322d99f9,Bank of America,Mets BankAmericard,MasterCard,Cash Back,$0.00
a7f489b56932891d8c131fdc402cdb81,Bank of America,Nationals BankAmericard,MasterCard,Cash Back,$0.00
8252058952dd21b500f7a4e683d82eab,Bank of America,Orioles BankAmericard,MasterCard,Cash Back,$0.00
9161e73b8f0c4e2e4bbd96e874f6749a,Bank of America,Padres BankAmericard,MasterCard,Cash Back,$0.00
1243287940e04e7444dee39cb570e4b4,Bank of America,Phillies BankAmericard,MasterCard,Cash Back,$0.00
6f9ba6bf05ce38e2f7046c8eb34f4c99,Bank of America,Pirates BankAmericard,MasterCard,Cash Back,$0.00
49b16503dcc64795c3c5bcfbc0082e8c,Bank of America,Rangers BankAmericard,MasterCard,Cash Back,$0.00
ad680625a300cb3137b0ea309f148eee,Bank of America,Rays BankAmericard,MasterCard,Cash Back,$0.00
1bf122573ecb5d7a8711b16306ae6781,Bank of America,Red Sox BankAmericard,MasterCard,Cash Back,$0.00
0fde019df32a5411d18f0abf3de0ae57,Bank of America,Reds BankAmericard,MasterCard,Cash Back,$0.00
3d335ccbdfd3bfc85c256c093e7a71c6,Bank of America,Rockies BankAmericard,MasterCard,Cash Back,$0.00
34a9284f016835195d798dc0fc30db69,Bank of America,Royals BankAmericard,MasterCard,Cash Back,$0.00
195d8e494bb9cb9816c7be97b2ba380c,Bank of America,Tigers BankAmericard,MasterCard,Cash Back,$0.00
812854b667c9c0c5d93d87857b221b2c,Bank of America,Minnesota Twins® BankAmericard Cash Rewards™ MasterCard®,MasterCard,Cash Back,$0.00
a3ccee918e53d9ccf283e42e9cc0f7a9,Bank of America,White Sox BankAmericard,MasterCard,Cash Back,$0.00
525906989b877ef55cb71bc25e004ec7,Bank of America,Yankees BankAmericard,MasterCard,Cash Back,$0.00
9f5bb695d8d4e94d2d5b2a36d0327347,Barclays,Barclaycard® Ring MasterCard®,MasterCard,"",$0.00
35d5729cec4605c81fcbb5e0beab51f8,Barclays,Arizona Cardinals Extra Points Credit Card,Visa,NFL ExtraPoints,$0.00
8e0164d2b4adbd1641e3b1b56493dd88,Barclays,Atlanta Falcons Extra Points Credit Card,Visa,NFL ExtraPoints,$0.00
6e5913a75a424f8b0083f8f1b99694d2,Barclays,Baltimore Ravens Extra Points Credit Card,Visa,NFL ExtraPoints,$0.00
32866e14e16c4b0f5cc896b12614efd1,Barclays,Buffalo Bills Extra Points Credit Card,Visa,NFL ExtraPoints,$0.00
d33fa40a79d0f7a15d2600a1ea7704e7,Barclays,Carolina Panthers Extra Points Credit Card,Visa,NFL ExtraPoints,$0.00
19d48ad74427c52e2d92b5450bb2b89a,Barclays,Chicago Bears Extra Points Credit Card,Visa,NFL ExtraPoints,$0.00
2aeb451b31696d3fd62db55d63a0121f,Barclays,Cincinnati Bengals Extra Points Credit Card,Visa,NFL ExtraPoints,$0.00
cd4ab86fca3ff03a45e427f9eb12224c,Barclays,Cleveland Browns Extra Points Credit Card,Visa,NFL ExtraPoints,$0.00
144404f7f769e6cf4509fd6b9c0c1bb2,Barclays,Dallas Cowboys Extra Points Visa,Visa,NFL ExtraPoints,$0.00
4c796333d5c88c87f4bdb4506690757e,Barclays,Denver Broncos Extra Points Credit Card,Visa,NFL ExtraPoints,$0.00
eae1d072c31bf2c4ac85c0ceba167272,Barclays,Detroit Lions Extra Points Credit Card,Visa,NFL ExtraPoints,$0.00
a6fb167ac702cf9d8a34d6588571b7be,Barclays,Green Bay Packers Extra Points Visa,Visa,NFL ExtraPoints,$0.00
ef3aa7e8d0bdf79c5babc59914a24520,Barclays,Houston Texans Extra Points Credit Card,Visa,NFL ExtraPoints,$0.00
ded75e092754378eaa95ba74e9cc6594,Barclays,Indianapolis Colts Extra Points Credit Card,Visa,NFL ExtraPoints,$0.00
224b524428202c9270d22369f5682479,Barclays,Jacksonville Jaguars Extra Points Credit Card,Visa,NFL ExtraPoints,$0.00
c2d0a20196a51739870f0e9d6d715d53,Barclays,Kansas City Chiefs Extra Points Credit Card,Visa,NFL ExtraPoints,$0.00
a5ee48433c08758f3da2df30c8842823,Barclays,Miami Dolphins Extra Points Credit Card,Visa,NFL ExtraPoints,$0.00
f5400e30fc5e851dbab1db784375e912,Barclays,Minnesota Vikings Extra Points Credit Card,Visa,NFL ExtraPoints,$0.00
2d38333f4db0f22c6f4de8eb7e0a4c1e,Barclays,New England Patriots Extra Points Credit Card,Visa,NFL ExtraPoints,$0.00
fd189c03c8081dfc2d16613b4820d8f4,Barclays,New Orleans Saints Extra Points Credit Card,Visa,NFL ExtraPoints,$0.00
cc9f69be74738cafd194116f1f9190d3,Barclays,New York Giants Extra Points Visa,Visa,NFL ExtraPoints,$0.00
1887365879f2bd953bc25507c2839334,Barclays,NY Jets Extra Points Credit Card,Visa,NFL ExtraPoints,$0.00
8a164207b1183aa21410f7c8357ddf28,Barclays,Oakland Raiders Extra Points Credit Card,Visa,NFL ExtraPoints,$0.00
07ce3c545e871b188c3d435042dfd05e,Barclays,Philadelphia Eagles Extra Points Visa,Visa,NFL ExtraPoints,$0.00
551f600ae86fe8d77d6e94f87f59606c,Barclays,Pittsburgh Steelers Extra Points Credit Card,Visa,NFL ExtraPoints,$0.00
04e37e96228d554fb426943ede9901b6,Barclays,San Diego Chargers Extra Points Credit Card,Visa,NFL ExtraPoints,$0.00
a80031d8a5940487c27a6e49fdcdbd6c,Barclays,Seattle Seahawks Extra Points Credit Card,Visa,NFL ExtraPoints,$0.00
4f2dbf70283e920d654d3feee3fc15ad,Barclays,San Francisco 49ers Extra Points Credit Card,Visa,NFL ExtraPoints,$0.00
f89e219f76d670f259bef5204dad87f4,Barclays,St. Louis Rams Extra Points Credit Card,Visa,NFL ExtraPoints,$0.00
10b4d55ae3ced34c63c476cef34c5dcb,Barclays,Tampa Bay Buccaneers Extra Points Credit Card,Visa,NFL ExtraPoints,$0.00
18bc0a4194e29f3eadb5365e69d05ee6,Barclays,Tennessee Titans Extra Points Credit Card,Visa,NFL ExtraPoints,$0.00
82d69d7f2899879ce4097055330c246c,Barclays,Washington Redskins Extra Points Visa,Visa,NFL ExtraPoints,$0.00
07b618dbbcb769ac109fe2825912b5da,Barclays,Washington Redskins Extra Points Credit Card,MasterCard,NFL ExtraPoints,$0.00
8ecd830738788a3b9f391a7a88f19cb2,Barclays,Philadelphia Eagles Extra Points Credit Card,MasterCard,NFL ExtraPoints,$0.00
9c9c442c2a1d5b2f5639d55653a7edcd,Barclays,NY Jets Extra Points Credit Card,MasterCard,NFL ExtraPoints,$0.00
05dbf789c93782394fec82d07dd0c9d3,Barclays,NY Giants Extra Points Credit Card,MasterCard,NFL ExtraPoints,$0.00
50a67e2630e981da96f2e2d92723f0e3,Barclays,Green Bay Packers Extra Points Credit Card,MasterCard,NFL ExtraPoints,$0.00
9d863d7a589b8ed94fa484c70ad83e10,Barclays,Dallas Cowboys Extra Points Credit Card,MasterCard,NFL ExtraPoints,$0.00
07333cd38608ade751a4fd0890dd71d8,Barclays,Chicago Bears Extra Points Credit Card,MasterCard,NFL ExtraPoints,$0.00
e2483746709a5bd42577c73c24c9c8e3,Bank of America,University of Southern California BankAmericard,Visa,Cash Back,$0.00
5aba3a5d7776cdfa7dedc5d2abd34320,Bank of America,Cal Alumni Association BankAmericard,Visa,Cash Back,$0.00
404169592a8f7f90199911e3ba8e5385,Bank of America,AMSA BankAmericard,Visa,Cash Back,$0.00
0defb2049b2c1f88af40e750f6971de7,US Bank,Polaris Visa,Visa,Polaris Visa Points,$0.00
72272ede2746c13539345303971d994b,Chase,J.P. Morgan Select Card,Visa,Chase Ultimate Rewards Points,$95.00
3e8b5c076018391ae20203ae8d624839,US Bank,ADA Visa Platinum,Visa,"",$29.00
c806e75bcd3eb009b47886e967148a7c,US Bank,ADA Visa Signature,Visa,US Bank Signature Points,$0.00
f3f36db60db6f29faaaf7881fd5ff4c8,US Bank,ADA Business Rewards Card,Visa,US Bank Signature Points,$0.00
fb4adfe12e5d203ccd915b262bc4001e,Bank of America,BankAmericard Rewards,MasterCard,Bank Americard Points,$0.00
9c466f047fe85f802f70977fb03d6f63,American Express,Delta SkyMiles® Options Credit Card,American Express,Delta SkyMiles,$0.00
28de8eed5ee552285b398f5200a0a0a3,Chase,IHG® Rewards Club Select Credit Card,Visa,IHG Rewards Club Points,$49.00
ad4d8fce27e0b9a6845057906a084f65,Capital One,No Hassle Rewards (no AF),MasterCard,Capital One No Hassle Miles,$0.00
728223534fd402a68bd6a50165506177,Bank of America,AOPA BankAmericard,Visa,Cash Back,$0.00
5c9a86f0ff31bc4ed7381cc7d4e21a08,Chase,Mary Kay,Visa,Cash Back,$0.00
f567b304bec0f937a63bc8d24a976f71,Citibank,Citi Forward® Card for College Students,Visa,Citi ThankYou Points,$0.00
d32429d64127a00b045f01020daf9693,Barclays,BJ's Visa Business Card,Visa,Cash Back,$0.00
18719da6e6183f16df248ff3156d602a,US Bank,Visa Signature Company Credit Card,Visa,"",$0.00
fe1cad0e94d57449654fa872b19a287d,Capital One,Platinum No Hassle Cash,Visa,Cash Back,$0.00
853f7bd8484e1cdc0e1ee4339049b241,Capital One,Business Platinum with No Hassle Rewards,Visa,Capital One No Hassle Miles,$0.00
0cf55464338cd22513a85742d2201651,Bank of America,BankAmericard Power Rewards,MasterCard,BankAmericard Power Rewards,$0.00
4fe1362933ecd143a2a615a02a01d6b6,Capital One,Platinum No Hassle Cash 1.25,Visa,Cash Back,$0.00
686fb8a91b9aa6006a6aabad684a4c4d,Capital One,No Hassle Rewards Signature,Visa,Capital One No Hassle Miles,$0.00
003e908f04e11748dea12359458c6cb3,Capital One,No Hassle Rewards World MasterCard 1.5,MasterCard,Capital One No Hassle Miles,$0.00
8db84aa317e8cbb374d1156b4d29fd91,Barclays,Gulf Platinum,MasterCard,Cash Back,$0.00
39b9ed585598b9249e643eda10fcb07a,Capital One,Business Platinum with No Hassle Cash,Visa,Cash Back,$0.00
724a139e6a3f39d26d844252abd958a1,US Bank,FlexPerks® Reserve Visa Signature® Card,Visa,US Bank FlexPerks Points,$299.00
7e32011a289ec8df9fb2d0d877ca35ee,Bank of America,BankAmericard,MasterCard,"",$0.00
a484abc9509fa1383f279c1b1caf61dd,Capital One,Teamster Privileges Rewards,MasterCard,Cash Back,$0.00
39215c3fe3e1204aca33f7ab6a3e4eb1,Capital One,Teamster Privileges Low Rate,MasterCard,"",$0.00
fb5b203d0f3f4853582c3e6621af4401,Bank of America,Virgin Atlantic Black Card,MasterCard,Virgin Atlantic Flying Club Miles,$90.00
77aeac83d7c85af5e47f9b5155703cbb,Bank of America,Virgin Atlantic White Card,MasterCard,Virgin Atlantic Flying Club Miles,$49.00
8172da2b8dd0b4650eeee08d7b01ea68,Barclays,Barclaycard Rewards MasterCard® (Legacy),MasterCard,Barclaycard Points,$0.00
164cb85ae4c0066e4ec3ef7478734635,Discover,Ducks Unlimited,Discover,Cash Back,$0.00
e1e1b2db761f8a59b6a796900800f13a,Bank of America,Bass Pro Shops Outdoor Rewards World,MasterCard,Cash Back,$0.00
b2f2a30d2d2fddf60a4c103a45d82e00,Bank of America,Bass Pro Shops Outdoor Rewards Platinum Plus,MasterCard,Cash Back,$0.00
0c738e845921c70e1d1f1594ecea1e0e,Bank of America,BankAmericard for Students,MasterCard,"",$0.00
be839be6ba7f0660cb6f0c97891c69a4,Bank of America,Alaska Airlines Visa® Business Card®,Visa,Alaska Airlines Mileage Plan Miles,$50.00
a2c908ecaf0d38c50997251d039f6d72,Chase,United MileagePlus (Legacy),Visa,United MileagePlus Miles,$0.00
d6853db9bbc0bf04c2d33a02ecfd4733,Citibank,Citi Platinum Select Cash Back,Visa,Cash Back,$0.00
301b98b7d1340c56fd1d835a6e05c3c4,US Bank,U.S. Bank Perks+ Visa® Signature Card,Visa,US Bank FlexPerks Points,$0.00
b4993a23457e89303630f0ad9f43dbbe,Barclays,The Hawaiian Airlines® World Elite MasterCard®,MasterCard,Hawaiian Airlines Miles,$89.00
9b1fafeb0bc93505d3a86fff4888ede4,Barclays,Market America Platinum,MasterCard,Cash Back,$0.00
637bcf3a9a53d49c5693b62944f6b058,Barclays,Coast to Coast,Visa,REC Rewards Points,$0.00
9b32f7bb19d4477f9bc6acd272735e22,Barclays,Good Sam REC REWARDS,Visa,REC Rewards Points,$0.00
ed4a7aa7efe0b9d0609254028767e148,Bank of America,US Airways Signature World Points Rewards,Visa,US Airways Dividend Miles,$90.00
f6d6d6d7d4b531a9ca838cce72a290a4,Bank of America,U.S. Pride BankAmericard Cash Rewards,Visa,Cash Back,$0.00
c954103274d530d9f43ea09f5bcfcda3,Capital One,Capital One® Quicksilver® Cash Rewards MasterCard,MasterCard,Cash Back,$0.00
bde0ef2f9c10aaf7ad4eda2e1df49825,Discover,Discover it® for Students,Discover,Cash Back,$0.00
b3ce3c4bad503bfe2d2530ec6a3ae73f,US Bank,U.S. Bank FlexPerks® Business Cash Rewards Visa® Card,Visa,"",$0.00
38afa85dccfa38a3796d3ed668edb57a,US Bank,U.S. Bank FlexPerks® Business Travel Rewards Visa® Card,Visa,US Bank FlexPerks Points,$55.00
3de313da8acd5eb62d0eb95488f8e7de,SunTrust,SunTrust Signature Reward,Visa,SunTrust Points,$0.00
8bca5abdf591bf41da3fc85aef926541,Bank of America,UCLA Alumni Association BankAmericard,Visa,Cash Back,$0.00
e53ba472d82960321749da0048938161,Bank of America,AAA Platinum Plus Diamond Advantage,Visa,Cash Back,$0.00
de9094669ebe2c536d691a325cf6fecb,Bank of America,Georgetown University Alumni Association BankAmericard,Visa,Cash Back,$0.00
f3a027b37cad9389878244ba77f55341,Bank of America,AIA Platinum Plus,MasterCard,Bank of America WorldPoints,$0.00
ead03656f1107bd4d4b7fb3f95e6e9af,US Bank,Sierra Trading Post Rewards,Visa,Sierra Trading Post Points,$29.00
a38b46bf05fe89ebe02aaa5992b2855d,Chase,University of Florida Alumni,Visa,Chase Ultimate Rewards Points,$0.00
7c7c18355023575485f1cc173d2874dc,Chase,NC State University Alumni,Visa,Chase Ultimate Rewards Points,$0.00
d0655dc19d95ca0a208fcd5d0308b462,Chase,Oklahoma State University Platinum,Visa,"",$0.00
9dacf3cfd63539be96ffac0734326cfe,Chase,University of Chicago,Visa,Chase Ultimate Rewards Points,$0.00
3f4d23d96789adee365a6ffcb5e15acb,Chase,University of Kentucky,Visa,Chase Ultimate Rewards Points,$0.00
4ac47858f4bad1408d05d3b32de33a51,Chase,Yale University,Visa,Chase Ultimate Rewards Points,$0.00
4769a2f4bd3e73fd297051efb351e572,US Bank,Office Max Visa Signature,Visa,Office Max MaxPoints,$0.00
d5b27ce5d854b1316e7650f572ba7159,Bank of America,Wisconsin Alumni Association BankAmericard,Visa,Cash Back,$0.00
5202b13a37f389e25e29ca6c40d48e2c,Chase,Priority Club Select Visa (Legacy),Visa,IHG Rewards Club Points,$49.00
d2cc55aacf78399605e4f262a7d2abd6,US Bank,Duquesne University Alumni Visa Signature,Visa,US Bank FlexPerks Points,$0.00
599f7308bd6179dec4e8324fd3416269,US Bank,Duquesne University Alumni Select Rewards Platinum,Visa,US Bank FlexPerks Points,$0.00
f3b5852e62578d5d7f0a8457335cb050,US Bank,Duquesne University Alumni Cash Rewards,Visa,Cash Back,$0.00
f28cb78a8cbe34e055b8868704964fc1,US Bank,Duquesne University Alumni Platinum,Visa,"",$0.00
b37432b388ee930a8cfc0447da1866c1,Barclays,The Hawaiian Airlines® Business MasterCard®,MasterCard,Hawaiian Airlines Miles,$89.00
f90eb9233311516b59b502b045daf8c4,American Express,The Amex EveryDay® Credit Card from American Express,American Express,American Express Membership Rewards Points,$0.00
8ea8380ce13e03901df12b615a95cc7b,American Express,The Amex EveryDay® Preferred Credit Card from American Express,American Express,American Express Membership Rewards Points,$95.00
510e1be57272be81f1083c7188c37833,US Bank,EAA Visa Signature,Visa,EAA Points,$0.00
f4dff3b206c57c645b6ee6fe03536ad1,Bank of America,American Express (Legacy),American Express,"",$0.00
c8822077c5c560e0f15d093f270db592,US Bank,U.S. Bank Business Edge™ Cash Rewards Card,Visa,Cash Back,$0.00
2f4d0294f6c0bf8fa91cfc968b13d3f2,US Bank,Business Edge Platinum,Visa,"",$0.00
2e4f917276d3f90aac49a16cef6edc6e,US Bank,Scottish Rite Masons Visa Signature,Visa,US Bank Signature Points,$0.00
9e112134a190671aa83e767f8364abbf,US Bank,Scottish Rite Masons Select Rewards Platinum,Visa,US Bank Signature Points,$29.00
85770256e639d4132d94c9b45d294bbb,US Bank,Scottish Rite Masons Cash Rewards Platinum,Visa,Cash Back,$0.00
1cfa63b29cec66aa12a27b8a7dd338ed,US Bank,Scottish Rite Masons Platinum,Visa,"",$29.00
8009274d02cbbde6cd59857156855edf,US Bank,Scottish Rite Masons Business Rewards,Visa,US Bank Signature Points,$0.00
565bdaf85758c34d53aa3c29f60472f5,US Bank,Scottish Rite Masons Southern Jurisdiction Visa Signature,Visa,US Bank Signature Points,$0.00
3628220b2229c1bbaa52463d4d41c0a4,Bank of America,University of Pennsylvania Alumni Platinum Plus,Visa,"",$0.00
74c40a3a5543a5852857047007e1c60f,Chase,Marriott Rewards® Premier VISA Signature® Business,Visa,Marriott Rewards Points,$99.00
7e5c4f8ad1d8eed4559c28d0e31dec18,Wells Fargo,Wells Fargo Propel 365 American Express® Card,American Express,Wells Fargo Rewards Points,$45.00
f5bef52e238ef146808bafa23d80e487,Chase,IHG® Rewards Club Select Credit Card,MasterCard,IHG Rewards Club Points,$49.00
6e3fe53bfe7b9151e9e043278bf940a9,Wells Fargo,Propel World American Express® Card,American Express,Wells Fargo Rewards Points,$175.00
0e2b77f623b3a14e069b1d38db056a18,Citibank,Citi ThankYou® Preferred Card for College Students,Visa,Citi ThankYou Points,$0.00
6cb5795b5c8e73bad2e3313e5b518f5d,US Bank,U.S. Bank Business Platinum Visa® Card,Visa,"",$0.00
6f6b9ab82f3780c57c0f1fe702c55560,Bank of America,Indiana University BankAmericard Cash Rewards™ Visa® ,Visa,Cash Back,$0.00
c43cb5d277ea31b65256f6c396a05886,Bank of America,Penn State BankAmericard Cash Rewards,Visa,Cash Back,$0.00
df0413cfe283ad63fb8406a8e0a7d88d,Bank of America,Penn State Rewards,MasterCard,Nittany Lion Points,$0.00
0966c8617cd820b3eb84a18eb6a1645a,Bank of America,Penn State Alumni Association Platinum Plus MasterCard,MasterCard,Bank of America WorldPoints,$0.00
fab9f93c6a1af3177ee555ca9bb1fa40,Barclays,The Wyndham Rewards® Visa Signature® Card,Visa,Wyndham Points,$0.00
11b7d1aa870b8f42ef2868023c3af504,Bank of America,University of Notre Dame Platinum Plus Visa,Visa,"",$0.00
b8a27f22a2cd19757e67779a820eb0b9,Citibank,Citi Simplicity® Card (Legacy),MasterCard,Cash Back,$0.00
fb99646375b61cf333dfe818131dd67c,Barclays,The Priceline Rewards™ Visa® Card (Legacy),Visa,Priceline Points,$0.00
1a72bd41190d10edc4a80dacda1efefb,Bank of America,Melaleuca Platinum Plus,MasterCard,Cash Back,$0.00
5971d26ff3e27b8298a5c7386162677e,Bank of America,Villanova Alumni Association BankAmericard,Visa,Cash Back,$0.00
3c039b35b2d4057c8bc8b1a042bdb87f,Barclays,US Airways Dividend Miles Platinum (Legacy),MasterCard,US Airways Dividend Miles,$0.00
f242b494a62389e0ec49fc94f3f4b21c,Capital One,Capital One® VentureOne® Rewards Credit Card,MasterCard,Venture Rewards Miles,$0.00
f56d94a43b490734b65f5e0ec8f3fef9,Chase,AARP® Travel Rewards Credit Card from Chase,Visa,Cash Back,$0.00
fc01d76a9215fe168f7e034b3a8119df,Discover,Discover it® chrome,Discover,Cash Back,$0.00
fca5444a3bf52ab330991892c67ea253,Discover,Discover it® chrome for Students,Discover,Cash Back,$0.00
b0ca1b06d9303945ff1a89ab5cf38f15,Bank of America,American Bar Association Business MasterCard®,MasterCard,Bank of America WorldPoints,$0.00
1ad98f1836ee95879508cec11f5f9381,TD Bank,TD Simply Flexible Business,Visa,"",$0.00
18ff8ff5b6f926ce219f6a3039bbc3b0,TD Bank,TD Business Solutions,Visa,TD Bank Easy Rewards,$0.00
86b529d1588c8c32faa6da223c33ab1f,TD Bank,TD First Class Visa Signature,Visa,First Class Miles,$89.00
6d3abf5a443c501674d3424232bc81be,Bank of America,Sandals Visa Signature,Visa,Bank of America WorldPoints,$0.00
70183350b10296335097726978f9498c,Bank of America,Rewards American Express,American Express,Bank of America WorldPoints,$0.00
451aacb582aa62c8f54f72d07ba034f5,Chase,Ink with Chase Exclusives (Legacy),Visa,Chase Ultimate Rewards Points,$0.00
aedc976321dfd6140cbc86bcc298ae2f,Bank of America,Platinum Plus (No Rewards),Visa,"",$0.00
af485c930549e2ee038ae1e3aa886d59,US Bank,SKYPASS Visa Secured,Visa,Korean Air Skypass Miles,$50.00
67b8a96edd906f395abcf4df5a530749,Diners Club,Diners Club Corporate Card,MasterCard,Diners Club Rewards,$0.00
8d4e6db71056662808330a4ce431e592,Citibank,Citi® Diamond Preferred® Card,Visa,"",$0.00
8c072195044701bb8b658c61d6da1ea9,Capital One,No Hassle Cash 1%,MasterCard,Cash Back,$0.00
79e8b527f0acfb7d5a38d0d81cba8588,Bank of America,University of Georgia Platinum Plus Visa,Visa,"",$0.00
50e62f1fe1d6ab3b09da1bdb996cb9d8,Capital One,Capital One® Platinum Credit Card (Cashback),MasterCard,Cash Back,$0.00
bd326542736019e7629c508100cb06b6,US Bank,Business Edge™ Select Rewards Card,Visa,US Bank FlexPerks Points,$0.00
0a0bbfef4b54946e3282e8cb1447982a,Citibank,Citi Forward Card,Visa,Citi ThankYou Points,$0.00
e1643895770c30018dd3d39a2de41631,Citibank,CitiBusiness® (Legacy),MasterCard,Citi ThankYou Points,$0.00
9e8dac6799b07f491c664661965dc74f,Wells Fargo,WellsOne® Commercial Card,Visa,"",$0.00
9a93b7d031673691b3967d2bc345f33c,Bank of America,Spirit Airlines Platinum Plus® MasterCard Credit Card,MasterCard,Spirit Airlines Miles,$19.00
b83a15f2b3dafdd6157609100affdd7d,Bank of America,Oswego Alumni Association BankAmericard,Visa,Cash Back,$0.00
778c2271c025c9b61f62939092441242,Bank of America,Brown Alumni Association BankAmericard,Visa,Cash Back,$0.00
59d5a31854761dfbce05f28109980470,Bank of America,Minnesota Alumni Association BankAmericard,Visa,Cash Back,$0.00
7050ce64aaf322aa9acee5500dc873d7,Bank of America,Iowa Alumni Association BankAmericard,Visa,Cash Back,$0.00
6d007ed84ec37cdd9db66f01487fa5a3,Bank of America,Michigan Alumni Association BankAmericard,Visa,Cash Back,$0.00
2fde46a6169a3ef0f394c40ca264f421,Bank of America,Arkansas Alumni Association Platinum Plus MasterCard,MasterCard,Bank of America WorldPoints,$0.00
8f4eff067bb1b1b6f69959f6856f858f,Bank of America,East Carolina Alumni Association BankAmericard,Visa,Cash Back,$0.00
36838e612cffe7d333da70874c228996,Bank of America,NYU Alumni Association Platinum Plus MasterCard,Visa,Bank of America WorldPoints,$0.00
9f624c061cdad3d43dd06933e4e8050e,Bank of America,University of Delaware Alumni Association Platinum Plus MasterCard,MasterCard,Bank of America WorldPoints,$0.00
bd70f4ff4529319c7e8ae8ff92d7a0c3,Bank of America,Mizzou Alumni Association BankAmericard,Visa,Cash Back,$0.00
9ef7cb0ca4aa8ce74f82a34bb2641822,Bank of America,University of Delaware Alumni Association BankAmericard,Visa,Cash Back,$0.00
d2d080551163b6185814f4d65ffdcd81,Bank of America,Mississippi State Alumni Association BankAmericard,Visa,Cash Back,$0.00
1380fbdba4e4c0a7f21a8b911a8fd253,Bank of America,Ohio University Alumni Association Platinum Plus MasterCard,MasterCard,Bank of America WorldPoints,$0.00
75409eeeee618efab6912e6d7f7fdaf3,Capital One,University of Utah Alumni Association Visa,Visa,"",$0.00
e913392cdc989a1f6898f7958b0a2cef,Bank of America,Texas Exes BankAmericard,Visa,Cash Back,$0.00
aabfb68e930d560edc507cd5484e60d7,Bank of America,Iowa State Alumni Association BankAmericard,Visa,Cash Back,$0.00
ef22d06e6a4da7e194c1327e039b5cf5,Bank of America,Holy Cross Alumni Association BankAmericard,Visa,Cash Back,$0.00
4b3ac8fd3fb1f167e48e60e6c9647981,Bank of America,University of Dayton Alumni Platinum Plus,MasterCard,Bank of America WorldPoints,$0.00
8120231443024aa5c749686e7153527a,Bank of America,Ole Miss Alumni Association Platinum Plus MasterCard,MasterCard,Bank of America WorldPoints,$0.00
dc4e92325c308137d851f9cf6f0215ff,Bank of America,Northeastern Alumni Association BankAmericard,Visa,Cash Back,$0.00
e077f9d686fd1c635db768f8b7d3139d,Bank of America,Emory Alumni Association BankAmericard,Visa,Cash Back,$0.00
a2afc13c3083c05b0f76e4d5f76898e5,Bank of America,Fordham Alumni Association BankAmericard,Visa,Cash Back,$0.00
70e9547016403bbee7f914d1ce68aefb,Bank of America,University of Virginia Alumni Association BankAmericard,Visa,Cash Back,$0.00
9922abe1fa48498d7561702a0510afc9,Bank of America,Catholic University Alumni Association BankAmericard,Visa,Cash Back,$0.00
c1302feefe11322a9778c0c532ac505e,Discover,Texas Tech Discover Card,Discover,Cash Back,$0.00
9a52944f12c505208c6eb25f9e39cc09,Bank of America,St. John's Alumni Association BankAmericard,Visa,Cash Back,$0.00
0e4acd17e0a18682364dbb2e006dd15c,Bank of America,Notre Dame Alumni Association BankAmericard,Visa,Cash Back,$0.00
edd2ffef588d691b7d3a56f7022d68ab,Bank of America,University of Miami Alumni Association BankAmericard,Visa,Cash Back,$0.00
27ef24adb7f0b9f9edae6ad3b0a31ce5,Bank of America,Texas A&M Alumni Platinum Plus,MasterCard,Bank of America WorldPoints,$0.00
bfda9ad0f8423111bf148bb23be8230d,Bank of America,Golden Key BankAmericard Cash Rewards,Visa,Cash Back,$0.00
7e1a65f36eceaa0cf6338007d55959be,Bank of America,University of Central Florida Alumni Association BankAmericard,Visa,Cash Back,$0.00
80d689a97528248a7445ab2670d5ff07,Bank of America,University of Houston Alumni Association BankAmericard,Visa,Cash Back,$0.00
3e0117b8421c05fa8c99949b4d2cca67,Bank of America,Auburn Alumni Association BankAmericard,Visa,Cash Back,$0.00
8f1f133e494c5d4f50e0673867abb43b,US Bank,Rutgers University Visa® Signature Card,Visa,"",$0.00
2060b39ffb601a9396c29f8645a7e285,US Bank,Rutgers University Select Rewards Visa® Platinum Card,Visa,US Bank Signature Points,$29.00
610835c288cbf4dcf273a999b359a093,US Bank,Rutgers University Cash Rewards Visa® Platinum Card,Visa,Cash Back,$29.00
4b3d67f37e23ed23faa57a39f610bbfa,US Bank,Rutgers University Visa® Platinum Card,Visa,"",$0.00
8ed6c37395928cff6ada71a10f911c7d,Chase,Air Force Club Membership MasterCard®,MasterCard,Cash Back,$0.00
532e3b8dcb4587288254a118d73471ea,Chase,Army MWR MasterCard®,MasterCard,Cash Back,$0.00
8887fdca57a8d0bd21fffa92148516e6,Bank of America,Sigma Theta Tau International Honor Society of Nursing Alumni Association BankAmericard,Visa,Cash Back,$0.00
e4c6e5f4d5357d003f226f49e07817aa,Bank of America,American Veterinary Medical Association Alumni Association BankAmericard,Visa,Cash Back,$0.00
2ac5210fe41c3ada7d4bbccd2a7908b3,Bank of America,Temple Alumni Association BankAmericard,Visa,Cash Back,$0.00
90d0ad608085fbe29dba78b3dd836454,Bank of America,University of Arizona Alumni Association BankAmericard,Visa,Cash Back,$0.00
fdfd55e7148e339d9b7e52e8d87e22b0,Bank of America,University of Alabama Alumni Association BankAmericard,Visa,Cash Back,$0.00
e71e1011fb37cd7ef8b3785d610418f4,Bank of America,North Dakota Alumni Platinum Plus,Visa,Bank of America WorldPoints,$0.00
0c9cf0047fb4ab541befe0664fb66d20,Bank of America,John Hopkins Alumni Association BankAmericard,Visa,Cash Back,$0.00
7ad474d1839d79ac85a8494645e9ba13,Bank of America,Columbia University Alumni Association BankAmericard,Visa,Cash Back,$0.00
73078f22001b196da05eaee81d4b3e6b,Bank of America,LSU Alumni Association BankAmericard,Visa,Cash Back,$0.00
c5bd35fe87ff8e30e3d145f61fcde8ef,Bank of America,Clemson Alumni Association BankAmericard,Visa,Cash Back,$0.00
b1625fb266f6247a67754f3df427b83a,US Bank,Pepperdine University VISA® Card,Visa,US Bank Signature Points,$0.00
5053a4d8ca1f00e78ce894ba433b2def,US Bank,UMass-Lowell Visa® Signature,Visa,US Bank Signature Points,$0.00
4e40a6261c7fe32bf6b4d2aba47b7c1f,Bank of America,Northern Iowa Alumni Association BankAmericard,Visa,Cash Back,$0.00
523adc2eaa956199a2081887a349e23c,Bank of America,Washington State Alumni Association BankAmericard,Visa,Cash Back,$0.00
a4c985781021c619eb941518d1c3f7f8,Bank of America,UC Boulder Alumni Association BankAmericard,Visa,Cash Back,$0.00
0ccede1dca6e7212eb6bc5e2c46dd74e,US Bank,Sigma Chi Visa® Signature,Visa,"",$0.00
06a177321179ad98f35696d206bddff5,Bank of America,William & Mary Alumni Association BankAmericard,Visa,Cash Back,$0.00
dc5b8b580d4daa9bee63681cc536aa85,Bank of America,UNH Alumni Association BankAmericard,Visa,Cash Back,$0.00
2f19ff7840276bad4b3379204777928a,Capital One,Arkansas State University Alumni Association Visa,Visa,Capital One No Hassle Miles,$0.00
5f6a22b3cc5b7f58b02dd657908b26e2,Capital One,Old Dominion University Alumni Association Visa,Visa,Capital One No Hassle Miles,$0.00
bd299f0aefa41c02e00a37933df38154,Bank of America,Southern Miss Alumni Association BankAmericard,Visa,Cash Back,$0.00
ac508ca687b2e5ae227023523a9f9850,Bank of America,NYU Alumni Association BankAmericard,Visa,Cash Back,$0.00
68b8a1163f0ed31c85c72054f3ad0350,Bank of America,University of Buffalo Alumni Association BankAmericard,Visa,Cash Back,$0.00
bf1cadb6649de38aa7707d935444cfd8,Citibank,Citi® Double Cash Card,MasterCard,Cash Back,$0.00
d30402a0d7ee190f17de89a917fab480,Bank of America,Santa Clara Alumni Platinum Plus,MasterCard,Bank of America WorldPoints,$0.00
a61f0099b0b2eb5eca513726a17a7117,Bank of America,George Washington Alumni Association BankAmericard,Visa,Cash Back,$0.00
7188f12c5ebe3b28d9c787258181f3b4,Bank of America,Georgia Southern Alumni Association BankAmericard,Visa,Cash Back,$0.00
24713c020e0cf55cb4f663dfaa0deb8f,US Bank,University of Wisconsin-Milwaukee Visa® Signature,Visa,US Bank Signature Points,$0.00
97936026d5d1904804d1676684dd088e,Bank of America,Missouri State Alumni Association BankAmericard,Visa,Cash Back,$0.00
e9f18d44f1d6948dd2aea5658bb3663b,Bank of America,University of Cincinnati Alumni Platinum Plus,MasterCard,Bank of America WorldPoints,$0.00
a3c1492fd80508a6f6bcc4ee2d6c1c88,Bank of America,WVU Alumni Association Platinum Plus,Visa,Bank of America WorldPoints,$0.00
029c0d87e12a3ece404c64b17a8663b7,Discover,Fresno State Discover Card,Discover,Cash Back,$0.00
2a2576204c5427c76f424701b1e266f8,US Bank,Alpha Kappa Psi Visa® Signature,Visa,US Bank Signature Points,$0.00
f0b17e44cca293152ec5255bdddb6533,US Bank,The College of New Jersey Visa® Signature Card,Visa,US Bank Signature Points,$0.00
8ee9f5066e30e11a3c5bf18f9c7bb58b,US Bank,SUNY Oneonta Visa® Signature Card,Visa,US Bank Signature Points,$0.00
5e07c9db8e61cb3497d1e0031dec3685,US Bank,Cash Rewards Visa,Visa,Cash Back,$0.00
83cf638a9ede1b751ae112a087b1015e,Chase,Marine Corps MCCS MasterCard,MasterCard,Cash Back,$0.00
f156bce2d15fa67003a48e436b051358,Bank of America,Wake Forest Alumni Association BankAmericard,Visa,Cash Back,$0.00
7deeafd803744c9c93cae33e222af862,US Bank,Rensselaer Alumni Association Visa® Signature Card,Visa,US Bank Signature Points,$0.00
50c92db79c5b7209c74531d45b6f0ddc,US Bank,Delta Sigma Pi Visa® Signature Card,Visa,US Bank Signature Points,$0.00
0532cec45487f4d2a4149f2602577cac,Bank of America,University of New Mexico Alumni BankAmericard,Visa,Cash Back,$0.00
7945c3f46f7b2583a0942ac1deea124f,Bank of America,Phi Theta Kappa BankAmericard,Visa,Cash Back,$0.00
51ab12fcb5ebe10a8626e3b71c2b9482,US Bank,Delta Delta Delta Visa® Signature Card,Visa,US Bank Signature Points,$0.00
dddbd8a6cbf60e8ed0f8319eea530a38,Discover,Virginia Tech Discover Card,Discover,Cash Back,$0.00
a1d69ba5b9c2e4b99c790d3f85e7b3ed,Discover,Western Michigan Discover Card,Discover,Cash Back,$0.00
d7aaafebe82fb5aaf79488c6a7126c9e,Discover,Northwestern Discover Card,Discover,Cash Back,$0.00
4d9d0359e986fccd33d5fb3043fb0724,Discover,Northern Illinois University Discover Card,Discover,Cash Back,$0.00
4bc746212b58c33c158df54dd8162dd1,Bank of America,Georgia State Alumni BankAmericard,Visa,Cash Back,$0.00
0a96e04826b3775cb76b4204c7851a88,Bank of America,Florida State Alumni BankAmericard,Visa,Cash Back,$0.00
d9ee83095f6f5c07d0349229d5616aa6,Bank of America,American Association for Justice BankAmericard,Visa,Cash Back,$0.00
a063ec2865cfe5827e2a964a1ac78d92,Bank of America,American Chemical Society BankAmericard,Visa,Cash Back,$0.00
9de7b9f3e52a8b3e2b1972a2c28db0dd,Bank of America,Alpha Omicron Pi Platinum Plus® MasterCard®,MasterCard,Bank of America WorldPoints,$0.00
367dfd022a7c2ea7a805a1268d6846bb,Bank of America,AAA Cash Rewards MasterCard® Credit Card,MasterCard,AAA® Member Rewards Points,$0.00
165ae0d5e6e0fe458d1d4a928ac39c50,US Bank,Club Carlson Platinum Rewards Visa® Card,Visa,Club Carlson Hotel Reward Program,$0.00
5c3afddebc0d88c85e3cbdc8eb0c2fad,Bank of America,AAA Credit Card with WorldPoints® Rewards,Visa,Bank of America WorldPoints,$0.00
3ac9e33977d95746b6e0a09a4aef2ac6,Citibank,Expedia®+ Card from Citi,MasterCard,Expedia+ Point,$0.00
e4a7d51d6f64b428641bfd5c3693cb99,Citibank,Expedia®+ Voyager Card from Citi,MasterCard,Expedia+ Point,$95.00
ca4802cf77109d9bfcda9895340165f0,Bank of America,Cash Rewards (Legacy),Visa,Cash Back,$0.00
39d24054348c1d153f76137ff790d19b,Wells Fargo,Wells Fargo® Visa Signature® Card,Visa,Wells Fargo Rewards Points,$0.00
10e63139aced31d1f2af35c1eff997c5,Bank of America,NASCAR Visa Signature,Visa,Nascar Reward Point,$0.00
620806a943410bfe1874e0d3c97a3035,Bank of America,BoatUS BankAmericard Cash Rewards™ Visa®,Visa,Cash Back,$0.00
117f65a4ee1f54da664a8093fc924ee7,Bank of America,Azamara Visa Signature®,Visa,Azamara MyCruise Point,$69.00
e53d360f6d294dc52bace373bf53947a,Bank of America,Bank Americard Cash Rewards (Legacy),Visa,Cash Back,$0.00
74ca40cb78a032cf8968e0d8940efc41,Bank of America,USC Rewards,American Express,Bank of America WorldPoints,$0.00
1f4c0bd9f27d3e1f91c401fd1d68c128,Bank of America,AAFP BankAmericard Cash Rewards™ Visa®,Visa,Cash Back,$0.00
923d21262060ecd294f75c05feeb0d07,Bank of America,Alaska Airlines Preferred Plus,MasterCard,Alaska Airlines Mileage Plan Miles,$50.00
1bb75b303724aa031c7218a58a084a81,Bank of America,Alaska Airlines Visa Preferred,Visa,Alaska Airlines Mileage Plan Miles,$35.00
aa0f206a13a206f2ccb78cf1c8516d84,American Express,The Platinum Card® from American Express for Ameriprise Financial,American Express,American Express Membership Rewards Points,$450.00
005fd72c39efee78b5832e5636195672,American Express,American Express® Gold Card for Ameriprise Financial,American Express,American Express Membership Rewards Points,$125.00
c708e1032e6fa2d2db6bee4c7844f4d4,Bank of America,Alaska Airlines Preferred Plus,Visa,Alaska Airlines Mileage Plan Miles,$50.00
331cb279b85ab38396aa1ab815f80496,Barclays,AAdvantage® Aviator™ Silver World Elite MasterCard®,MasterCard,American Airlines AAdvantage Miles,$195.00
a6ee80baaf63eed85277051871a9ba5f,Barclays,AAdvantage® Aviator Red MasterCard®,MasterCard,American Airlines AAdvantage Miles,$89.00
200fa7e98e6d81659c1386e240885bc1,Barclays,Barclaycard Visa® with Apple Rewards,Visa,Apple Rewards Points,$0.00
3d5de1e796ab63af5a7466344d77361c,Citibank,Citi Platinum / AAdvantage® World Elite™ MasterCard®,MasterCard,American Airlines AAdvantage Miles,$450.00
afdbb8844d0fa7a4f87f959a44ce58b9,Barclays,The Priceline Rewards™ Visa® Card (Legacy Version),Visa,Priceline Points,$0.00
34638332207dcd13a044c442b26989b6,Bank of America,FIU BankAmericard,Visa,Cash Back,$0.00
07ed286f5584a92be31ceb2fe81f7f25,Bank of America,BankAmericard Privileges,Visa,Bank of America WorldPoints,$0.00
e3fba88ca387e69e1ffe530db86fe8bb,Bank of America,Arbonne Success MasterCard,MasterCard,Arbonne Rewards Point,$0.00
dccc94ae42128ded00cd6fb864ca18fe,Bank of America,Elite Rewards Platinum Plus,Visa,Elite Rewards,$0.00
4245fd89c286bdbd8ef7b5511aae071b,Discover,The Humane Society of the U.S. Discover it®,Discover,Cash Back,$0.00
d049be38cf2a9cfdd79bb5d7edb8db96,Barclays,Upromise Platinum MasterCard®,MasterCard,Cash Back,$0.00
3bf006aa33f5e06c35ace2c3065334b0,Chase,Chase Private Client Sapphire Preferred® Card,Visa,Chase Ultimate Rewards Points,$95.00
71a7ed6dea2545ef477f30036a3e8d39,Chase,Southwest Airlines Rapid Rewards® Classic Card,Visa,Southwest Airlines Rapid Rewards Points,$39.00
803202657340b1384b767ec474ab202d,American Express,The Platinum Card® from American Express for Goldman Sachs,American Express,American Express Membership Rewards Points,$450.00
210bdb1b75fb11ecff2307f23776d739,Bank of America,Visa Signature,Visa,Bank of America WorldPoints,$0.00
48fe2b1d48542a3a1f7e0c7a39831dd0,Bank of America,American Bar Association BankAmericard,Visa,Cash Back,$0.00
5eb746ff3c49e1b94d3d90ceb18dbd21,US Bank,LANPASS Secured Visa Card,Visa,LANCHILE LANPASS Miles,$25.00
e13bd86f8160467247f91ec09d4e9a1b,US Bank,AeroMexico Visa® Secured Card,Visa,AeroMexico Club Premier Mile,$25.00
49b43b933cb5fa8ce4c12c3834e4b7b8,US Bank,LifeMiles Secured Visa,Visa,TACA LifeMiles,$25.00
9ca391fdc81f7c178c477e9ae3618b3b,Citibank,AT&T Universal Platinum MasterCard,MasterCard,Citi EasyDeals Points,$0.00
f5701f1c3036b395f9529694ea1b4e2d,Bank of America,BankAmericard Gold,Visa,"",$0.00
78eea4fbe0adc0881679ff38f0d522d4,Bank of America,University of Arizona Alumni Association Gold Visa,Visa,"",$0.00
2e5119e695c5d16f505b3055f5fc9ff3,Bank of America,ASME BankAmericard Cash Rewards™ Visa,Visa,Cash Back,$0.00
a26537a7e85b113d837420392e9bb81f,Citibank,AT&T Universal Card Rewards,MasterCard,Citi ThankYou Points,$0.00
0cfcd501390ce0da1f301ae8857f753d,TD Bank,TD Aeroplan™ Visa® Credit Card,Visa,Air Canada Aeroplan,$95.00
5c92c8c82c4a6e052d191daf7639dc79,US Bank,U.S. Bank FlexPerks® Select+ American Express® Card,American Express,US Bank FlexPerks Points,$0.00
24f47eb3252558471cce4916a336f1e3,US Bank,U.S. Bank FlexPerks® Travel Rewards American Express® Card,American Express,US Bank FlexPerks Points,$49.00
0dadd67bc90b5b8f065851a0159d16cb,Capital One,Capital One® Classic Platinum Credit Card (Cash Back),MasterCard,Cash Back,$39.00
12257626ea97eae6c46804a63959d34b,US Bank,U.S. Bank FlexPerks® Reserve American Express® Card,American Express,US Bank FlexPerks Points,$0.00
64299ceb5d3de90ebce7d808d3146f05,Bank of America,Merrill Lynch Octave American Express Card,American Express,Merrill Points®,$950.00
28d2b9ef1484e1e8754b2f03405e5702,Bank of America,Nature Conservancy BankAmericard,Visa,Cash Back,$0.00
d905174975d2b565fc3451488d476b0f,Barclays,Juniper Mastercard,MasterCard,Barclaycard Points,$0.00
c8ed9ca2ff75e2463479062da9a8af85,Bank of America,Alaska Airlines Platinum Visa,Visa,Alaska Airlines Mileage Plan Miles,$49.00
caafee91737d6ca42fede5df41d12af3,Bank of America,Cash Rewards 2.5 (Legacy),Visa,Cash Back,$0.00
d52936c63bdb3d8dd216b09697df57fc,Bank of America,California Alumni Association Platinum Plus MasterCard,MasterCard,"",$0.00
2300af08a32b1c19dc3a334b21b556c9,Barclays,Diamond Resorts International® MasterCard®,MasterCard,Diamond Plus Points,$0.00
774174a193ed6b52b951f3d63a7b2491,SunTrust,SunTrust Platinum Visa® with SunTrust Rewards,Visa,SunTrust Points,$0.00
b1068a2e186fb58d5762f2d2e339f146,Citibank,CitiBusiness AAdvantage MasterCard (Legacy),MasterCard,American Airlines AAdvantage Miles,$50.00
11e70616d2d13629894446e28de00f38,Discover,Discover it® Miles,Discover,Cash Back,$0.00
120ed8b8970f2a03e2041d83afcf803f,US Bank,Sportsman's Warehouse Credit Card,Visa,Sportman's Warehouse Rewards Point,$29.00
83c75da2f37bad8935be2cef17829157,American Express,Centurion® Business Card from American Express,American Express,American Express Membership Rewards Points,$2500.00
897f1d6d31a82902000fd9e2af5cad46,American Express,Delta SkyMiles® Business Credit Card from American Express,American Express,Delta SkyMiles,$0.00
35f95ee670c867ca5aa82c5ffc218692,American Express,JetBlue Business Card from American Express,American Express,JetBlue TrueBlue Point,$40.00
d50e544ad5a195621f4fae75fbe171d8,Barclays,The Priceline Rewards™ Visa® Card (Legacy Version 2x),Visa,Priceline Points,$0.00
8414405b6716ddf1ce47281c0e6902ad,Capital One,No Hassle Cash 1.25%,MasterCard,Cash Back,$0.00
b23759f33113cb447d9c6515a93a0ba3,Bank of America,PGA Tour BankAmericard,MasterCard,Cash Back,$0.00
05b39f15fb6e9dbcdda5ac75c37911ee,Discover,Discover it® chrome Secured,Discover,Cash Back,$0.00
4e9ee6c7d160ec0cf821f91c33610d93,Bank of America,World MasterCard,MasterCard,Bank of America WorldPoints,$0.00
51347da9cbff0a708fdbeaf39db6438b,Citibank,Citi AAdvantage Visa (Legacy),Visa,American Airlines AAdvantage Miles,$50.00
c27491525e329c458d33e36703aa090a,Discover,Discover it® Secured,Discover,Cash Back,$0.00
19ab599562a4e972f397bbae4bb51b62,Citibank,AT&T Access More Card from Citi,MasterCard,Citi ThankYou Points,$95.00
fce2d91bdcddc75e01bc63b0825a73f5,Discover,Discover (Legacy),Discover,Cash Back,$0.00
d8a23f91186df91c556a750b08450c43,American Express,The Plenti® Credit Card from Amex,American Express,Plenti Points,$0.00
003038c0d89535152333749a034ffb49,Discover,NHL Discover it®,Discover,Cash Back,$0.00
3df4d2c509c9bbf99d52af577fec7e76,US Bank,REI World MasterCard,MasterCard,Cash Back,$0.00
79626dd65b0c9b338943ae7c6e8f0340,Bank of America,Celebrity Visa Signature Card (Annual Fee),Visa,Azamara MyCruise Point,$69.00
d4936d2eaa0ed16cf66faf515127b41e,Bank of America,Celebrity Visa Signature Card (No Annual Fee),Visa,Azamara MyCruise Point,$0.00
4a2265a02e41a3547031a1af920b6540,Citibank,Citi ThankYou® Preferred Card for College Students,MasterCard,Citi ThankYou Points,$0.00
a2d49a174fd9d2593aeede0313899531,TD Bank,TD Ameritrade Client Rewards,Visa,Cash Back,$0.00
52c6169a7b7df1f0f632f1cb17358402,Bank of America,BankAmericard Rewards (Legacy),Visa,Bank Americard Points,$0.00
48a4b9e151b668bedf65bc4610929835,Bank of America,ASME BankAmericard Rewards (Legacy),MasterCard,Bank of America WorldPoints,$0.00
f995957a359fe2bce37bddea98b5ee00,Chase,United MileagePlus Visa Signature (Legacy),Visa,United MileagePlus Miles,$140.00
8930cdf325c76c02ebb5cd66baade3d6,Chase,Audi Visa Signature,Visa,Audi Reward Point,$0.00
b199b5b4c541e3d35644a54286dfd00a,Capital One,No Hassle (Legacy),Visa,Capital One No Hassle Miles,$0.00
d4bf150175995871ce99483894d6b6f6,Wells Fargo,Wells Fargo Cash Back Visa Signature,Visa,Cash Back,$0.00
1553e6882d1b2752b66c8ce4213fdb11,Bank of America,Asiana Airlines Visa® Platinum,Visa,Asiana Airlines Miles,$80.00
37b9abaff4970cdc6194cece7b25815f,Bank of America,Asiana Airlines Visa® Classic,Visa,Asiana Airlines Miles,$50.00
e03ab765c33a2ee015be8e1ce890ca12,Bank of America,Spirit Airlines World MasterCard for Business,MasterCard,Spirit Airlines Miles,$59.00
65982f45c4947163def251878846fce1,Bank of America,Stanford Alumni Association BankAmericard,MasterCard,Cash Back,$0.00
217000c2785683730fcf271dafb20ec1,Bank of America,MLB® BankAmericard Cash Rewards™ MasterCard® Credit Card,MasterCard,Cash Back,$0.00
bac0e5331b2a896701744e488e67ceb9,TD Bank,TD Cash Rewards,Visa,Cash Back,$0.00
c0c3f154969ca9a1213768cf8f09aeb8,Wells Fargo,Wells Fargo Business Secured Credit Card,MasterCard,Wells Fargo Rewards Points,$25.00
a9faba1d631831873218e4fc6d9ae222,US Bank,FlexPerks® Business Edge™ Travel Rewards Card,Visa,US Bank FlexPerks Points,$55.00
c12ea3ee94fd588145e547dde62f2f93,Citibank,AT&T Access Card from Citi,MasterCard,Citi ThankYou Points,$0.00
e521870ec3e6bbb58ca35e1fd7996f01,Capital One,BuyPower Business Card,MasterCard,Cash Back,$0.00
07d32ad0dffd0dc7e7c25f1b56e57235,Barclays,AAdvantage® Aviator Blue MasterCard®,MasterCard,American Airlines AAdvantage Miles,$49.00
b1837bca469ff58df38642bc80645a46,Barclays,AAdvantage® Aviator MasterCard®,MasterCard,American Airlines AAdvantage Miles,$0.00
1691005bddeaeb008788e23f3c796387,Citibank,Citi Simplicity Cash Card,MasterCard,Cash Back,$0.00
e03450f723836cd94943cb03e1aa2f5c,Bank of America,Amtrak Guest Rewards World MasterCard,MasterCard,Amtrak Guest Rewards,$79.00
91dace6a86d17cde638cb71aabd644eb,Bank of America,Amtrak Guest Rewards Platinum MasterCard,MasterCard,Amtrak Guest Rewards,$79.00
f1c3f6ccf4e241292319b0bfe3cdf782,Wells Fargo,Wells Fargo Platinum Card (Points),Visa,Wells Fargo Rewards Points,$0.00
3e9770413f3b9b656a71cfbca98d2a1a,Citibank,My Best Buy Visa,Visa,Best Buy Reward Zone Points,$0.00
0c40f5a3466b32a9d9b2fcd16cc45782,Barclays,Barclaycard CashForward World MasterCard,MasterCard,Cash Back,$0.00
471741fc1527f644ab686a7c33695199,Barclays,AAdvantage® Aviator Business MasterCard®,MasterCard,American Airlines AAdvantage Miles,$89.00
a49cfdfde320fa1a7f5e8954c68a8862,Chase,Ink Business 3% Cash,Visa,Cash Back,$0.00
9598a106827de054f2e65711af484dc4,Barclays,MasterCard® Black Card™,MasterCard,Barclaycard Black Card Point,$495.00
2982d507e47fbc45dc1dde205827868d,Bank of America,La Salle University Alumni Association BankAmericard,Visa,Cash Back,$0.00
d18089f73c5be7ee0f44a7646b0ed25c,Bank of America,CTA Cash Rewards Visa Signature®,Visa,Cash Back,$0.00
a6c13e470c28563b067bcd84bff8c09c,Chase,United MileagePlus Visa (Legacy),Visa,United MileagePlus Miles,$0.00
9653c1d80bb434039024bda37fadff05,SunTrust,SunTrust Travel Rewards Elite MasterCard,MasterCard,Cash Back,$89.00
d744932bd68b0aca3fc941309140691a,SunTrust,SunTrust Cash Rewards World MasterCard,MasterCard,Cash Back,$0.00
0671e38c586e7182e5b406dcc7397a87,SunTrust,SunTrust Prime Rewards,MasterCard,Cash Back,$0.00
643b007748765921413aa0776a03472a,SunTrust,SunTrust Secured,MasterCard,Cash Back,$32.00
e12ca4d8f5f373bf93df7e38fdc5fc49,US Bank,U.S. Bank Business Edge™ Cash Rewards Card,MasterCard,Cash Back,$0.00
269a1079719f62e7c860aebcb82d5267,Wells Fargo,Wells Fargo Rewards Card,Visa,Wells Fargo Rewards Points,$0.00
